file, q
r75k3q0.8c5/1.1.cnf, 0
r75k3q0.8c5/2.4.cnf, 0.5
r75k3q0.8c5/7.3.cnf, 0.857143
r75k3q0.8c5/10.4.cnf, 0.8
r75k3q0.8c5/15.1.cnf, 0.755556
r75k3q0.8c5/14.5.cnf, 0.887755
r75k3q0.8c5/19.2.cnf, 0.842105
r75k3q0.8c5/20.2.cnf, 0.821111
r75k3q0.8c5/19.3.cnf, 0.764543
r75k3q0.8c5/24.3.cnf, 0.797068
r75k3q0.8c5/28.4.cnf, 0.808673
r75k3q0.8c5/29.1.cnf, 0.789536
r75k3q0.8c5/28.5.cnf, 0.783163
r75k3q0.8c5/33.5.cnf, 0.788899
r75k3q0.8c5/38.2.cnf, 0.799169
r75k3q0.8c5/34.2.cnf, 0.804306
r75k3q0.8c5/15.2.cnf, 0.791111
r75k3q0.8c5/34.1.cnf, 0.798539
r75k3q0.8c5/24.4.cnf, 0.773534
r75k3q0.8c5/38.3.cnf, 0.799323
r75k3q0.8c5/43.3.cnf, 0.802716
r75k3q0.8c5/51.2.cnf, 0.795079
r75k3q0.8c5/55.4.cnf, 0.794711
r75k3q0.8c5/60.5.cnf, 0.791152
r75k3q0.8c5/43.4.cnf, 0.783006
r75k3q0.8c5/47.5.cnf, 0.783059
r75k3q0.8c5/48.1.cnf, 0.791711
r75k3q0.8c5/55.5.cnf, 0.77157
r75k3q0.8c5/59.5.cnf, 0.798366
r75k3q0.8c5/65.3.cnf, 0.76213
r75k3q0.8c5/69.4.cnf, 0.782189
r75k3q0.8c5/65.2.cnf, 0.794793
r75k3q0.8c5/70.3.cnf, 0.789796
r75k3q0.8c5/51.3.cnf, 0.797386
r75k3q0.8c5/61.1.cnf, 0.79011
r75k3q0.8c5/74.4.cnf, 0.77538
r75k3q0.8c5/79.2.cnf, 0.786654
r75k3q0.8c5/69.3.cnf, 0.79059
r75k3q0.8c5/84.2.cnf, 0.785147
r75k3q0.8c5/80.1.cnf, 0.797812
r75k3q0.8c5/88.4.cnf, 0.795878
r75k3q0.8c5/84.3.cnf, 0.787982
r75k3q0.8c5/10.5.cnf, 0.76
r75k3q0.8c5/102.2.cnf, 0.797578
r75k3q0.8c5/79.1.cnf, 0.792181
r75k3q0.8c5/93.4.cnf, 0.792462
r75k3q0.8c5/93.5.cnf, 0.798243
r75k3q0.8c5/102.4.cnf, 0.795848
r75k3q0.8c5/98.2.cnf, 0.791962
r75k3q0.8c5/112.2.cnf, 0.788735
r75k3q0.8c5/110.4.cnf, 0.792189
r75k3q0.8c5/74.5.cnf, 0.771731
r75k3q0.8c5/119.1.cnf, 0.789834
r75k3q0.8c5/100.3.cnf, 0.7946
r75k3q0.8c5/119.2.cnf, 0.796271
r75k3q0.8c5/103.3.cnf, 0.794985
r75k3q0.8c5/94.1.cnf, 0.784137
r75k3q0.8c5/127.1.cnf, 0.79943
r75k3q0.8c5/117.2.cnf, 0.797476
r75k3q0.8c5/135.5.cnf, 0.799451
r75k3q0.8c5/126.5.cnf, 0.791424
r75k3q0.8c5/106.3.cnf, 0.786757
r75k3q0.8c5/107.1.cnf, 0.793432
r75k3q0.8c5/136.2.cnf, 0.793577
r75k3q0.8c5/143.4.cnf, 0.798254
r75k3q0.8c5/144.1.cnf, 0.795973
r75k3q0.8c5/108.3.cnf, 0.796468
r75k3q0.8c5/150.1.cnf, 0.793956
r75k3q0.8c5/126.1.cnf, 0.793273
r75k3q0.8c5/11.1.cnf, 0.826446
r75k3q0.8c5/138.5.cnf, 0.793223
r75k3q0.8c5/142.5.cnf, 0.798552
r75k3q0.8c5/20.3.cnf, 0.815
r75k3q0.8c5/140.5.cnf, 0.794592
r75k3q0.8c5/75.1.cnf, 0.788897
r75k3q0.8c5/159.2.cnf, 0.792501
r75k3q0.8c5/163.3.cnf, 0.799127
r75k3q0.8c5/149.5.cnf, 0.796749
r75k3q0.8c5/171.1.cnf, 0.798408
r75k3q0.8c5/177.2.cnf, 0.795755
r75k3q0.8c5/164.1.cnf, 0.794234
r75k3q0.8c5/173.4.cnf, 0.794145
r75k3q0.8c5/175.5.cnf, 0.796278
r75k3q0.8c5/175.3.cnf, 0.791706
r75k3q0.8c5/176.5.cnf, 0.799716
r75k3q0.8c5/5.3.cnf, 0.72
r75k3q0.8c5/168.2.cnf, 0.797832
r75k3q0.8c5/187.3.cnf, 0.797792
r75k3q0.8c5/180.3.cnf, 0.798951
r75k3q0.8c5/184.2.cnf, 0.798381
r75k3q0.8c5/190.1.cnf, 0.798892
r75k3q0.8c5/184.3.cnf, 0.798411
r75k3q0.8c5/199.5.cnf, 0.792419
r75k3q0.8c5/30.1.cnf, 0.760494
r75k3q0.8c5/201.2.cnf, 0.793263
r75k3q0.8c5/185.3.cnf, 0.790241
r75k3q0.8c5/56.1.cnf, 0.771613
r75k3q0.8c5/218.1.cnf, 0.790698
r75k3q0.8c5/19.4.cnf, 0.803324
r75k3q0.8c5/181.3.cnf, 0.796235
r75k3q0.8c5/212.4.cnf, 0.79361
r75k3q0.8c5/229.4.cnf, 0.799511
r75k3q0.8c5/209.5.cnf, 0.795396
r75k3q0.8c5/226.2.cnf, 0.794469
r75k3q0.8c5/209.4.cnf, 0.795881
r75k3q0.8c5/212.3.cnf, 0.796433
r75k3q0.8c5/206.2.cnf, 0.797981
r75k3q0.8c5/234.4.cnf, 0.799036
r75k3q0.8c5/232.5.cnf, 0.793233
r75k3q0.8c5/232.3.cnf, 0.799755
r75k3q0.8c5/245.3.cnf, 0.798844
r75k3q0.8c5/242.3.cnf, 0.796922
r75k3q0.8c5/224.5.cnf, 0.79712
r75k3q0.8c5/116.4.cnf, 0.791468
r75k3q0.8c5/256.1.cnf, 0.795826
r75k3q0.8c5/237.1.cnf, 0.798841
r75k3q0.8c5/259.2.cnf, 0.794333
r75k3q0.8c5/200.1.cnf, 0.797083
r75k3q0.8c5/38.4.cnf, 0.779163
r75k3q0.8c5/29.2.cnf, 0.773418
r75k3q0.8c5/262.1.cnf, 0.7957
r75k3q0.8c5/51.4.cnf, 0.762015
r75k3q0.8c5/231.3.cnf, 0.797543
r75k3q0.8c5/259.5.cnf, 0.796557
r75k3q0.8c5/15.3.cnf, 0.799012
r75k3q0.8c5/270.1.cnf, 0.794136
r75k3q0.8c5/277.5.cnf, 0.798069
r75k3q0.8c5/148.5.cnf, 0.798393
r75k3q0.8c5/24.5.cnf, 0.802083
r75k3q0.8c5/266.4.cnf, 0.79978
r75k3q0.8c5/250.5.cnf, 0.797245
r75k3q0.8c5/261.4.cnf, 0.794472
r75k3q0.8c5/273.2.cnf, 0.798875
r75k3q0.8c5/292.4.cnf, 0.796614
r75k3q0.8c5/247.3.cnf, 0.799458
r75k3q0.8c5/276.1.cnf, 0.796086
r75k3q0.8c5/287.2.cnf, 0.796147
r75k3q0.8c5/61.2.cnf, 0.762698
r75k3q0.8c5/70.4.cnf, 0.796735
r75k3q0.8c5/256.5.cnf, 0.7911
r75k3q0.8c5/296.5.cnf, 0.799173
r75k3q0.8c5/48.2.cnf, 0.776717
r75k3q0.8c5/297.4.cnf, 0.798644
r75k3q0.8c5/110.1.cnf, 0.782314
r75k3q0.8c5/305.5.cnf, 0.797911
r75k3q0.8c5/80.2.cnf, 0.795937
r75k3q0.8c5/11.2.cnf, 0.793388
r75k3q0.8c5/270.4.cnf, 0.799422
r75k3q0.8c5/25.1.cnf, 0.8384
r75k3q0.8c5/88.5.cnf, 0.797262
r75k3q0.8c5/245.5.cnf, 0.79525
r75k3q0.8c5/43.5.cnf, 0.792861
r75k3q0.8c5/223.2.cnf, 0.797603
r75k3q0.8c5/34.3.cnf, 0.769513
r75k3q0.8c5/212.1.cnf, 0.795568
r75k3q0.8c5/285.2.cnf, 0.798301
r75k3q0.8c5/333.1.cnf, 0.795133
r75k3q0.8c5/203.2.cnf, 0.794677
r75k3q0.8c5/318.2.cnf, 0.799531
r75k3q0.8c5/300.2.cnf, 0.796044
r75k3q0.8c5/108.4.cnf, 0.797668
r75k3q0.8c5/69.5.cnf, 0.782609
r75k3q0.8c5/20.4.cnf, 0.875
r75k3q0.8c5/170.2.cnf, 0.791149
r75k3q0.8c5/235.2.cnf, 0.797027
r75k3q0.8c5/327.2.cnf, 0.798487
r75k3q0.8c5/79.3.cnf, 0.786733
r75k3q0.8c5/185.2.cnf, 0.799267
r75k3q0.8c5/140.3.cnf, 0.785881
r75k3q0.8c5/153.4.cnf, 0.79008
r75k3q0.8c5/202.1.cnf, 0.79915
r75k3q0.8c5/98.3.cnf, 0.791337
r75k3q0.8c5/30.2.cnf, 0.748889
r75k3q0.8c5/44.1.cnf, 0.784091
r75k3q0.8c5/19.5.cnf, 0.853186
r75k3q0.8c5/89.1.cnf, 0.791122
r75k3q0.8c5/139.2.cnf, 0.793644
r75k3q0.8c5/210.5.cnf, 0.797234
r75k3q0.8c5/111.5.cnf, 0.796526
r75k3q0.8c5/84.4.cnf, 0.785431
r75k3q0.8c5/56.2.cnf, 0.798469
r75k3q0.8c5/149.4.cnf, 0.792307
r75k3q0.8c5/75.2.cnf, 0.778311
r75k3q0.8c5/114.3.cnf, 0.796553
r75k3q0.8c5/65.4.cnf, 0.794793
r75k3q0.8c5/129.1.cnf, 0.798269
r75k3q0.8c5/124.4.cnf, 0.797347
r75k3q0.8c5/94.2.cnf, 0.789724
r75k3q0.8c5/8.2.cnf, 0.673611
r75k3q0.8c5/128.5.cnf, 0.794434
r75k3q0.8c5/169.5.cnf, 0.796556
r75k3q0.8c5/15.4.cnf, 0.775309
r75k3q0.8c5/228.1.cnf, 0.799475
r75k3q0.8c5/38.5.cnf, 0.797784
r75k3q0.8c5/142.2.cnf, 0.794584
r75k3q0.8c5/204.3.cnf, 0.798058
r75k3q0.8c5/29.3.cnf, 0.765491
r75k3q0.8c5/3.3.cnf, 0.666667
r75k3q0.8c5/151.4.cnf, 0.799022
r75k3q0.8c5/51.5.cnf, 0.796275
r75k3q0.8c5/242.5.cnf, 0.798443
r75k3q0.8c5/48.3.cnf, 0.779514
r75k3q0.8c5/131.3.cnf, 0.784803
r75k3q0.8c5/70.5.cnf, 0.788571
r75k3q0.8c5/248.3.cnf, 0.799849
r75k3q0.8c5/164.2.cnf, 0.798632
r75k3q0.8c5/207.4.cnf, 0.796621
r75k3q0.8c5/109.2.cnf, 0.798182
r75k3q0.8c5/141.5.cnf, 0.795204
r75k3q0.8c5/61.3.cnf, 0.791185
r75k3q0.8c5/25.2.cnf, 0.797511
r75k3q0.8c5/119.4.cnf, 0.791046
r75k3q0.8c5/175.4.cnf, 0.796406
r75k3q0.8c5/39.1.cnf, 0.773468
r75k3q0.8c5/247.2.cnf, 0.793738
r75k3q0.8c5/163.1.cnf, 0.79804
r75k3q0.8c5/116.3.cnf, 0.797127
r75k3q0.8c5/146.3.cnf, 0.793817
r75k3q0.8c5/52.1.cnf, 0.756575
r75k3q0.8c5/90.1.cnf, 0.795802
r75k3q0.8c5/211.4.cnf, 0.793343
r75k3q0.8c5/198.5.cnf, 0.797623
r75k3q0.8c5/112.4.cnf, 0.791614
r75k3q0.8c5/71.1.cnf, 0.7927
r75k3q0.8c5/80.3.cnf, 0.784062
r75k3q0.8c5/44.2.cnf, 0.771694
r75k3q0.8c5/79.4.cnf, 0.783366
r75k3q0.8c5/9.5.cnf, 0.839506
r75k3q0.8c5/20.5.cnf, 0.815
r75k3q0.8c5/34.4.cnf, 0.791619
r75k3q0.8c5/222.4.cnf, 0.794984
r75k3q0.8c5/98.4.cnf, 0.795196
r75k3q0.8c5/136.5.cnf, 0.798244
r75k3q0.8c5/180.1.cnf, 0.795802
r75k3q0.8c5/186.1.cnf, 0.792929
r75k3q0.8c5/11.3.cnf, 0.793388
r75k3q0.8c5/89.2.cnf, 0.797779
r75k3q0.8c5/110.5.cnf, 0.792694
r75k3q0.8c5/179.2.cnf, 0.799164
r75k3q0.8c5/115.3.cnf, 0.789628
r75k3q0.8c5/180.2.cnf, 0.794407
r75k3q0.8c5/245.1.cnf, 0.794712
r75k3q0.8c5/174.4.cnf, 0.792175
r75k3q0.8c5/176.2.cnf, 0.794253
r75k3q0.8c5/253.4.cnf, 0.797777
r75k3q0.8c5/209.1.cnf, 0.797171
r75k3q0.8c5/194.4.cnf, 0.797428
r75k3q0.8c5/160.5.cnf, 0.792891
r75k3q0.8c5/65.5.cnf, 0.795266
r75k3q0.8c5/120.5.cnf, 0.792639
r75k3q0.8c5/216.1.cnf, 0.796842
r75k3q0.8c5/172.4.cnf, 0.793612
r75k3q0.8c5/229.5.cnf, 0.797764
r75k3q0.8c5/84.5.cnf, 0.793084
r75k3q0.8c5/94.3.cnf, 0.793155
r75k3q0.8c5/21.1.cnf, 0.833963
r75k3q0.8c5/290.2.cnf, 0.79814
r75k3q0.8c5/113.5.cnf, 0.795207
r75k3q0.8c5/129.2.cnf, 0.797729
r75k3q0.8c5/85.1.cnf, 0.764844
r75k3q0.8c5/212.2.cnf, 0.791145
r75k3q0.8c5/30.3.cnf, 0.79037
r75k3q0.8c5/122.1.cnf, 0.797098
r75k3q0.8c5/125.4.cnf, 0.794745
r75k3q0.8c5/56.3.cnf, 0.796556
r75k3q0.8c5/75.3.cnf, 0.798933
r75k3q0.8c5/66.1.cnf, 0.782828
r75k3q0.8c5/157.5.cnf, 0.798488
r75k3q0.8c5/40.1.cnf, 0.76875
r75k3q0.8c5/29.4.cnf, 0.776589
r75k3q0.8c5/244.3.cnf, 0.79978
r75k3q0.8c5/141.3.cnf, 0.793421
r75k3q0.8c5/179.1.cnf, 0.799205
r75k3q0.8c5/15.5.cnf, 0.684444
r75k3q0.8c5/109.3.cnf, 0.792358
r75k3q0.8c5/171.3.cnf, 0.799654
r75k3q0.8c5/48.4.cnf, 0.790799
r75k3q0.8c5/181.2.cnf, 0.796435
r75k3q0.8c5/137.4.cnf, 0.793436
r75k3q0.8c5/106.2.cnf, 0.789249
r75k3q0.8c5/61.4.cnf, 0.78366
r75k3q0.8c5/101.4.cnf, 0.787962
r75k3q0.8c5/160.4.cnf, 0.792
r75k3q0.8c5/80.4.cnf, 0.795937
r75k3q0.8c5/114.1.cnf, 0.78655
r75k3q0.8c5/262.3.cnf, 0.796719
r75k3q0.8c5/227.2.cnf, 0.796147
r75k3q0.8c5/207.5.cnf, 0.797389
r75k3q0.8c5/279.3.cnf, 0.796708
r75k3q0.8c5/198.4.cnf, 0.79363
r75k3q0.8c5/178.2.cnf, 0.795301
r75k3q0.8c5/16.1.cnf, 0.851563
r75k3q0.8c5/39.2.cnf, 0.759442
r75k3q0.8c5/8.1.cnf, 0.715278
r75k3q0.8c5/308.2.cnf, 0.798496
r75k3q0.8c5/182.1.cnf, 0.797247
r75k3q0.8c5/71.2.cnf, 0.77564
r75k3q0.8c5/162.2.cnf, 0.79462
r75k3q0.8c5/25.3.cnf, 0.815972
r75k3q0.8c5/90.2.cnf, 0.781719
r75k3q0.8c5/226.5.cnf, 0.796969
r75k3q0.8c5/233.2.cnf, 0.79902
r75k3q0.8c5/209.2.cnf, 0.793531
r75k3q0.8c5/220.4.cnf, 0.799422
r75k3q0.8c5/241.2.cnf, 0.796061
r75k3q0.8c5/98.5.cnf, 0.789463
r75k3q0.8c5/79.5.cnf, 0.790578
r75k3q0.8c5/151.5.cnf, 0.794176
r75k3q0.8c5/196.1.cnf, 0.797532
r75k3q0.8c5/89.3.cnf, 0.796617
r75k3q0.8c5/145.5.cnf, 0.798129
r75k3q0.8c5/234.1.cnf, 0.797154
r75k3q0.8c5/52.2.cnf, 0.762163
r75k3q0.8c5/34.5.cnf, 0.774318
r75k3q0.8c5/3.2.cnf, 0.666667
r75k3q0.8c5/221.4.cnf, 0.797686
r75k3q0.8c5/238.3.cnf, 0.794744
r75k3q0.8c5/219.4.cnf, 0.796789
r75k3q0.8c5/1.3.cnf, 0
r75k3q0.8c5/295.4.cnf, 0.795529
r75k3q0.8c5/229.1.cnf, 0.79713
r75k3q0.8c5/134.1.cnf, 0.791905
r75k3q0.8c5/6.2.cnf, 0.777778
r75k3q0.8c5/136.3.cnf, 0.794983
r75k3q0.8c5/263.2.cnf, 0.797467
r75k3q0.8c5/11.4.cnf, 0.842975
r75k3q0.8c5/35.1.cnf, 0.789478
r75k3q0.8c5/268.5.cnf, 0.797872
r75k3q0.8c5/99.1.cnf, 0.796857
r75k3q0.8c5/233.5.cnf, 0.797013
r75k3q0.8c5/216.2.cnf, 0.79724
r75k3q0.8c5/224.1.cnf, 0.79881
r75k3q0.8c5/205.5.cnf, 0.795607
r75k3q0.8c5/177.1.cnf, 0.794421
r75k3q0.8c5/44.3.cnf, 0.792355
r75k3q0.8c5/4.5.cnf, 0.625
r75k3q0.8c5/7.5.cnf, 0.77551
r75k3q0.8c5/123.2.cnf, 0.796291
r75k3q0.8c5/257.3.cnf, 0.797818
r75k3q0.8c5/21.2.cnf, 0.649534
r75k3q0.8c5/205.1.cnf, 0.791859
r75k3q0.8c5/56.4.cnf, 0.79273
r75k3q0.8c5/94.4.cnf, 0.781349
r75k3q0.8c5/75.4.cnf, 0.787556
r75k3q0.8c5/124.1.cnf, 0.795955
r75k3q0.8c5/128.1.cnf, 0.795586
r75k3q0.8c5/280.3.cnf, 0.798238
r75k3q0.8c5/119.5.cnf, 0.798672
r75k3q0.8c5/30.4.cnf, 0.786667
r75k3q0.8c5/264.3.cnf, 0.796282
r75k3q0.8c5/330.2.cnf, 0.797747
r75k3q0.8c5/85.2.cnf, 0.798062
r75k3q0.8c5/168.1.cnf, 0.789399
r75k3q0.8c5/139.5.cnf, 0.795922
r75k3q0.8c5/252.3.cnf, 0.79829
r75k3q0.8c5/40.2.cnf, 0.78
r75k3q0.8c5/29.5.cnf, 0.756243
r75k3q0.8c5/171.4.cnf, 0.793564
r75k3q0.8c5/167.1.cnf, 0.798594
r75k3q0.8c5/161.5.cnf, 0.798149
r75k3q0.8c5/105.2.cnf, 0.798005
r75k3q0.8c5/66.2.cnf, 0.787219
r75k3q0.8c5/260.1.cnf, 0.796742
r75k3q0.8c5/172.3.cnf, 0.797796
r75k3q0.8c5/276.3.cnf, 0.79836
r75k3q0.8c5/211.2.cnf, 0.79957
r75k3q0.8c5/48.5.cnf, 0.790799
r75k3q0.8c5/159.1.cnf, 0.788024
r75k3q0.8c5/280.2.cnf, 0.795892
r75k3q0.8c5/105.3.cnf, 0.794564
r75k3q0.8c5/16.2.cnf, 0.828125
r75k3q0.8c5/39.3.cnf, 0.787494
r75k3q0.8c5/25.4.cnf, 0.7552
r75k3q0.8c5/180.5.cnf, 0.798102
r75k3q0.8c5/156.2.cnf, 0.787311
r75k3q0.8c5/205.3.cnf, 0.798715
r75k3q0.8c5/175.2.cnf, 0.788017
r75k3q0.8c5/71.3.cnf, 0.77802
r75k3q0.8c5/137.2.cnf, 0.7896
r75k3q0.8c5/312.4.cnf, 0.7978
r75k3q0.8c5/52.3.cnf, 0.787393
r75k3q0.8c5/49.1.cnf, 0.777681
r75k3q0.8c5/11.5.cnf, 0.826446
r75k3q0.8c5/61.5.cnf, 0.789035
r75k3q0.8c5/80.5.cnf, 0.787053
r75k3q0.8c5/233.3.cnf, 0.797921
r75k3q0.8c5/220.1.cnf, 0.797727
r75k3q0.8c5/229.3.cnf, 0.797053
r75k3q0.8c5/186.5.cnf, 0.797086
r75k3q0.8c5/244.2.cnf, 0.796457
r75k3q0.8c5/35.2.cnf, 0.770249
r75k3q0.8c5/81.1.cnf, 0.793781
r75k3q0.8c5/236.2.cnf, 0.797436
r75k3q0.8c5/62.1.cnf, 0.793444
r75k3q0.8c5/90.3.cnf, 0.789877
r75k3q0.8c5/295.3.cnf, 0.79829
r75k3q0.8c5/197.5.cnf, 0.794044
r75k3q0.8c5/44.4.cnf, 0.792355
r75k3q0.8c5/238.2.cnf, 0.798768
r75k3q0.8c5/193.2.cnf, 0.794868
r75k3q0.8c5/279.1.cnf, 0.797691
r75k3q0.8c5/101.5.cnf, 0.796981
r75k3q0.8c5/224.3.cnf, 0.798126
r75k3q0.8c5/311.3.cnf, 0.798193
r75k3q0.8c5/89.4.cnf, 0.798889
r75k3q0.8c5/177.4.cnf, 0.799643
r75k3q0.8c5/12.1.cnf, 0.805556
r75k3q0.8c5/6.1.cnf, 0.722222
r75k3q0.8c5/267.4.cnf, 0.798693
r75k3q0.8c5/173.5.cnf, 0.790805
r75k3q0.8c5/148.1.cnf, 0.797389
r75k3q0.8c5/289.5.cnf, 0.792997
r75k3q0.8c5/163.5.cnf, 0.792867
r75k3q0.8c5/9.1.cnf, 0.814815
r75k3q0.8c5/253.1.cnf, 0.797934
r75k3q0.8c5/99.2.cnf, 0.796653
r75k3q0.8c5/195.1.cnf, 0.796206
r75k3q0.8c5/1.2.cnf, 0
r75k3q0.8c5/193.4.cnf, 0.799109
r75k3q0.8c5/116.5.cnf, 0.786857
r75k3q0.8c5/30.5.cnf, 0.819395
r75k3q0.8c5/21.3.cnf, 0.766944
r75k3q0.8c5/75.5.cnf, 0.786133
r75k3q0.8c5/56.5.cnf, 0.795918
r75k3q0.8c5/248.2.cnf, 0.797077
r75k3q0.8c5/199.2.cnf, 0.793746
r75k3q0.8c5/270.5.cnf, 0.798248
r75k3q0.8c5/236.4.cnf, 0.79837
r75k3q0.8c5/94.5.cnf, 0.793119
r75k3q0.8c5/202.5.cnf, 0.796343
r75k3q0.8c5/219.5.cnf, 0.788724
r75k3q0.8c5/152.5.cnf, 0.798044
r75k3q0.8c5/109.4.cnf, 0.789496
r75k3q0.8c5/57.1.cnf, 0.770408
r75k3q0.8c5/184.4.cnf, 0.796441
r75k3q0.8c5/183.1.cnf, 0.791001
r75k3q0.8c5/85.3.cnf, 0.791383
r75k3q0.8c5/40.3.cnf, 0.797361
r75k3q0.8c5/268.4.cnf, 0.791655
r75k3q0.8c5/66.3.cnf, 0.781451
r75k3q0.8c5/249.3.cnf, 0.794095
r75k3q0.8c5/282.1.cnf, 0.796469
r75k3q0.8c5/31.1.cnf, 0.796049
r75k3q0.8c5/147.3.cnf, 0.793651
r75k3q0.8c5/177.3.cnf, 0.797392
r75k3q0.8c5/286.1.cnf, 0.795989
r75k3q0.8c5/146.1.cnf, 0.795719
r75k3q0.8c5/193.1.cnf, 0.793674
r75k3q0.8c5/249.4.cnf, 0.797737
r75k3q0.8c5/224.2.cnf, 0.798878
r75k3q0.8c5/7.4.cnf, 0.816327
r75k3q0.8c5/158.3.cnf, 0.794184
r75k3q0.8c5/145.1.cnf, 0.788205
r75k3q0.8c5/2.5.cnf, 0.5
r75k3q0.8c5/5.5.cnf, 0.8
r75k3q0.8c5/76.1.cnf, 0.796745
r75k3q0.8c5/39.4.cnf, 0.772153
r75k3q0.8c5/95.1.cnf, 0.793345
r75k3q0.8c5/222.3.cnf, 0.797486
r75k3q0.8c5/221.5.cnf, 0.799298
r75k3q0.8c5/16.3.cnf, 0.820313
r75k3q0.8c5/200.4.cnf, 0.793162
r75k3q0.8c5/126.2.cnf, 0.798312
r75k3q0.8c5/101.2.cnf, 0.796589
r75k3q0.8c5/260.3.cnf, 0.794093
r75k3q0.8c5/90.4.cnf, 0.787022
r75k3q0.8c5/195.5.cnf, 0.79679
r75k3q0.8c5/25.5.cnf, 0.755911
r75k3q0.8c5/237.3.cnf, 0.794492
r75k3q0.8c5/81.2.cnf, 0.789209
r75k3q0.8c5/71.4.cnf, 0.790319
r75k3q0.8c5/179.4.cnf, 0.794723
r75k3q0.8c5/52.4.cnf, 0.787886
r75k3q0.8c5/185.1.cnf, 0.797259
r75k3q0.8c5/26.1.cnf, 0.773176
r75k3q0.8c5/324.1.cnf, 0.798769
r75k3q0.8c5/276.4.cnf, 0.798125
r75k3q0.8c5/208.5.cnf, 0.797452
r75k3q0.8c5/49.2.cnf, 0.777361
r75k3q0.8c5/120.4.cnf, 0.795556
r75k3q0.8c5/217.4.cnf, 0.796916
r75k3q0.8c5/62.2.cnf, 0.789802
r75k3q0.8c5/136.4.cnf, 0.795523
r75k3q0.8c5/200.5.cnf, 0.79485
r75k3q0.8c5/118.5.cnf, 0.798908
r75k3q0.8c5/237.4.cnf, 0.792096
r75k3q0.8c5/164.4.cnf, 0.798525
r75k3q0.8c5/152.1.cnf, 0.79093
r75k3q0.8c5/115.2.cnf, 0.793043
r75k3q0.8c5/89.5.cnf, 0.785002
r75k3q0.8c5/12.2.cnf, 0.777778
r75k3q0.8c5/124.2.cnf, 0.789542
r75k3q0.8c5/153.5.cnf, 0.797265
r75k3q0.8c5/44.5.cnf, 0.764922
r75k3q0.8c5/225.1.cnf, 0.794828
r75k3q0.8c5/35.3.cnf, 0.790748
r75k3q0.8c5/99.3.cnf, 0.780092
r75k3q0.8c5/21.4.cnf, 0.793147
r75k3q0.8c5/230.2.cnf, 0.798515
r75k3q0.8c5/246.5.cnf, 0.798634
r75k3q0.8c5/230.5.cnf, 0.797391
r75k3q0.8c5/189.5.cnf, 0.798466
r75k3q0.8c5/231.1.cnf, 0.797592
r75k3q0.8c5/45.1.cnf, 0.769492
r75k3q0.8c5/241.1.cnf, 0.797782
r75k3q0.8c5/156.4.cnf, 0.794506
r75k3q0.8c5/145.2.cnf, 0.786265
r75k3q0.8c5/104.1.cnf, 0.794379
r75k3q0.8c5/95.2.cnf, 0.791579
r75k3q0.8c5/205.4.cnf, 0.796954
r75k3q0.8c5/267.1.cnf, 0.797021
r75k3q0.8c5/108.5.cnf, 0.798182
r75k3q0.8c5/40.4.cnf, 0.78375
r75k3q0.8c5/31.2.cnf, 0.803099
r75k3q0.8c5/276.2.cnf, 0.797012
r75k3q0.8c5/85.4.cnf, 0.794187
r75k3q0.8c5/66.4.cnf, 0.788338
r75k3q0.8c5/76.2.cnf, 0.78705
r75k3q0.8c5/111.2.cnf, 0.796526
r75k3q0.8c5/142.1.cnf, 0.785675
r75k3q0.8c5/4.1.cnf, 0.75
r75k3q0.8c5/100.2.cnf, 0.788213
r75k3q0.8c5/57.2.cnf, 0.792244
r75k3q0.8c5/132.4.cnf, 0.798205
r75k3q0.8c5/151.2.cnf, 0.795378
r75k3q0.8c5/195.3.cnf, 0.791162
r75k3q0.8c5/139.4.cnf, 0.784949
r75k3q0.8c5/259.4.cnf, 0.79893
r75k3q0.8c5/152.2.cnf, 0.799175
r75k3q0.8c5/240.3.cnf, 0.79813
r75k3q0.8c5/16.4.cnf, 0.851563
r75k3q0.8c5/39.5.cnf, 0.772591
r75k3q0.8c5/125.2.cnf, 0.791363
r75k3q0.8c5/239.3.cnf, 0.795469
r75k3q0.8c5/173.2.cnf, 0.79849
r75k3q0.8c5/155.3.cnf, 0.792967
r75k3q0.8c5/322.4.cnf, 0.798887
r75k3q0.8c5/52.5.cnf, 0.775888
r75k3q0.8c5/229.2.cnf, 0.796668
r75k3q0.8c5/90.5.cnf, 0.770617
r75k3q0.8c5/71.5.cnf, 0.762944
r75k3q0.8c5/243.4.cnf, 0.799706
r75k3q0.8c5/190.5.cnf, 0.795554
r75k3q0.8c5/107.3.cnf, 0.798672
r75k3q0.8c5/207.1.cnf, 0.799225
r75k3q0.8c5/5.4.cnf, 0.64
r75k3q0.8c5/35.4.cnf, 0.742857
r75k3q0.8c5/81.3.cnf, 0.79561
r75k3q0.8c5/196.4.cnf, 0.79865
r75k3q0.8c5/62.3.cnf, 0.792924
r75k3q0.8c5/26.2.cnf, 0.757396
r75k3q0.8c5/49.3.cnf, 0.784673
r75k3q0.8c5/91.1.cnf, 0.78976
r75k3q0.8c5/305.4.cnf, 0.798108
r75k3q0.8c5/218.3.cnf, 0.794624
r75k3q0.8c5/124.5.cnf, 0.796696
r75k3q0.8c5/144.5.cnf, 0.795042
r75k3q0.8c5/223.5.cnf, 0.793036
r75k3q0.8c5/12.3.cnf, 0.791667
r75k3q0.8c5/225.2.cnf, 0.795694
r75k3q0.8c5/53.1.cnf, 0.796725
r75k3q0.8c5/349.1.cnf, 0.799097
r75k3q0.8c5/183.3.cnf, 0.799198
r75k3q0.8c5/232.1.cnf, 0.796574
r75k3q0.8c5/72.1.cnf, 0.789738
r75k3q0.8c5/99.4.cnf, 0.790736
r75k3q0.8c5/45.2.cnf, 0.772346
r75k3q0.8c5/186.2.cnf, 0.797436
r75k3q0.8c5/21.5.cnf, 0.7871
r75k3q0.8c5/156.3.cnf, 0.78743
r75k3q0.8c5/189.3.cnf, 0.794251
r75k3q0.8c5/210.2.cnf, 0.798957
r75k3q0.8c5/169.2.cnf, 0.797017
r75k3q0.8c5/131.5.cnf, 0.785036
r75k3q0.8c5/182.5.cnf, 0.793684
r75k3q0.8c5/252.1.cnf, 0.79792
r75k3q0.8c5/202.2.cnf, 0.793743
r75k3q0.8c5/180.4.cnf, 0.793025
r75k3q0.8c5/258.1.cnf, 0.798706
r75k3q0.8c5/171.5.cnf, 0.7991
r75k3q0.8c5/114.2.cnf, 0.793013
r75k3q0.8c5/253.3.cnf, 0.798343
r75k3q0.8c5/66.5.cnf, 0.778696
r75k3q0.8c5/170.4.cnf, 0.79827
r75k3q0.8c5/291.1.cnf, 0.799012
r75k3q0.8c5/241.3.cnf, 0.797719
r75k3q0.8c5/22.1.cnf, 0.797521
r75k3q0.8c5/258.2.cnf, 0.796863
r75k3q0.8c5/147.2.cnf, 0.790504
r75k3q0.8c5/76.3.cnf, 0.795706
r75k3q0.8c5/85.5.cnf, 0.798893
r75k3q0.8c5/254.2.cnf, 0.799003
r75k3q0.8c5/95.3.cnf, 0.790693
r75k3q0.8c5/31.3.cnf, 0.808417
r75k3q0.8c5/187.4.cnf, 0.797106
r75k3q0.8c5/235.3.cnf, 0.796515
r75k3q0.8c5/113.4.cnf, 0.792858
r75k3q0.8c5/139.1.cnf, 0.795736
r75k3q0.8c5/40.5.cnf, 0.772083
r75k3q0.8c5/16.5.cnf, 0.788194
r75k3q0.8c5/122.3.cnf, 0.787154
r75k3q0.8c5/218.4.cnf, 0.796662
r75k3q0.8c5/208.3.cnf, 0.797965
r75k3q0.8c5/41.1.cnf, 0.801904
r75k3q0.8c5/207.2.cnf, 0.793301
r75k3q0.8c5/122.5.cnf, 0.794276
r75k3q0.8c5/278.5.cnf, 0.795247
r75k3q0.8c5/57.3.cnf, 0.79409
r75k3q0.8c5/130.4.cnf, 0.788994
r75k3q0.8c5/135.1.cnf, 0.791221
r75k3q0.8c5/67.1.cnf, 0.78102
r75k3q0.8c5/251.5.cnf, 0.797151
r75k3q0.8c5/227.5.cnf, 0.798222
r75k3q0.8c5/204.5.cnf, 0.794632
r75k3q0.8c5/332.5.cnf, 0.798953
r75k3q0.8c5/118.3.cnf, 0.798013
r75k3q0.8c5/217.5.cnf, 0.797111
r75k3q0.8c5/86.1.cnf, 0.785052
r75k3q0.8c5/260.5.cnf, 0.799201
r75k3q0.8c5/185.5.cnf, 0.796491
r75k3q0.8c5/49.4.cnf, 0.798001
r75k3q0.8c5/198.1.cnf, 0.796619
r75k3q0.8c5/2.1.cnf, 0.5
r75k3q0.8c5/130.3.cnf, 0.7919
r75k3q0.8c5/276.5.cnf, 0.798347
r75k3q0.8c5/17.1.cnf, 0.823529
r75k3q0.8c5/206.5.cnf, 0.796729
r75k3q0.8c5/62.4.cnf, 0.769511
r75k3q0.8c5/35.5.cnf, 0.772245
r75k3q0.8c5/26.3.cnf, 0.778435
r75k3q0.8c5/81.4.cnf, 0.77793
r75k3q0.8c5/53.2.cnf, 0.791029
r75k3q0.8c5/12.4.cnf, 0.861111
r75k3q0.8c5/184.1.cnf, 0.798027
r75k3q0.8c5/274.5.cnf, 0.799254
r75k3q0.8c5/8.3.cnf, 0.8125
r75k3q0.8c5/191.1.cnf, 0.798802
r75k3q0.8c5/165.5.cnf, 0.796401
r75k3q0.8c5/185.4.cnf, 0.794156
r75k3q0.8c5/72.2.cnf, 0.791906
r75k3q0.8c5/104.4.cnf, 0.787722
r75k3q0.8c5/140.4.cnf, 0.794369
r75k3q0.8c5/91.2.cnf, 0.79145
r75k3q0.8c5/281.5.cnf, 0.793673
r75k3q0.8c5/45.3.cnf, 0.757421
r75k3q0.8c5/99.5.cnf, 0.796857
r75k3q0.8c5/3.4.cnf, 0.666667
r75k3q0.8c5/293.1.cnf, 0.79933
r75k3q0.8c5/295.1.cnf, 0.797652
r75k3q0.8c5/36.1.cnf, 0.799726
r75k3q0.8c5/114.4.cnf, 0.795476
r75k3q0.8c5/288.4.cnf, 0.797387
r75k3q0.8c5/154.3.cnf, 0.791533
r75k3q0.8c5/249.5.cnf, 0.796241
r75k3q0.8c5/310.1.cnf, 0.797764
r75k3q0.8c5/250.4.cnf, 0.799116
r75k3q0.8c5/120.2.cnf, 0.795972
r75k3q0.8c5/179.5.cnf, 0.798539
r75k3q0.8c5/31.4.cnf, 0.801249
r75k3q0.8c5/155.1.cnf, 0.793894
r75k3q0.8c5/199.3.cnf, 0.793592
r75k3q0.8c5/76.4.cnf, 0.761427
r75k3q0.8c5/166.3.cnf, 0.793095
r75k3q0.8c5/162.4.cnf, 0.797516
r75k3q0.8c5/103.1.cnf, 0.798756
r75k3q0.8c5/22.2.cnf, 0.801194
r75k3q0.8c5/200.2.cnf, 0.797776
r75k3q0.8c5/67.2.cnf, 0.787258
r75k3q0.8c5/121.5.cnf, 0.79653
r75k3q0.8c5/274.2.cnf, 0.795967
r75k3q0.8c5/129.5.cnf, 0.794063
r75k3q0.8c5/158.2.cnf, 0.799546
r75k3q0.8c5/104.5.cnf, 0.797707
r75k3q0.8c5/57.4.cnf, 0.792859
r75k3q0.8c5/95.4.cnf, 0.782271
r75k3q0.8c5/220.5.cnf, 0.797066
r75k3q0.8c5/284.2.cnf, 0.798081
r75k3q0.8c5/309.3.cnf, 0.79777
r75k3q0.8c5/41.2.cnf, 0.786437
r75k3q0.8c5/86.2.cnf, 0.781453
r75k3q0.8c5/144.4.cnf, 0.792824
r75k3q0.8c5/127.3.cnf, 0.79695
r75k3q0.8c5/213.4.cnf, 0.793787
r75k3q0.8c5/246.3.cnf, 0.799467
r75k3q0.8c5/221.2.cnf, 0.795009
r75k3q0.8c5/256.4.cnf, 0.799293
r75k3q0.8c5/49.5.cnf, 0.775695
r75k3q0.8c5/273.5.cnf, 0.798669
r75k3q0.8c5/17.2.cnf, 0.823529
r75k3q0.8c5/62.5.cnf, 0.787143
r75k3q0.8c5/342.3.cnf, 0.799014
r75k3q0.8c5/166.5.cnf, 0.795689
r75k3q0.8c5/196.5.cnf, 0.796387
r75k3q0.8c5/314.1.cnf, 0.796823
r75k3q0.8c5/116.2.cnf, 0.798157
r75k3q0.8c5/277.2.cnf, 0.798334
r75k3q0.8c5/102.3.cnf, 0.794502
r75k3q0.8c5/271.4.cnf, 0.798386
r75k3q0.8c5/53.3.cnf, 0.779083
r75k3q0.8c5/181.4.cnf, 0.797407
r75k3q0.8c5/81.5.cnf, 0.786562
r75k3q0.8c5/176.3.cnf, 0.790922
r75k3q0.8c5/91.3.cnf, 0.778519
r75k3q0.8c5/72.3.cnf, 0.786265
r75k3q0.8c5/143.1.cnf, 0.794562
r75k3q0.8c5/26.4.cnf, 0.806049
r75k3q0.8c5/224.4.cnf, 0.795351
r75k3q0.8c5/45.4.cnf, 0.768285
r75k3q0.8c5/12.5.cnf, 0.75
r75k3q0.8c5/82.1.cnf, 0.794468
r75k3q0.8c5/132.5.cnf, 0.794651
r75k3q0.8c5/137.5.cnf, 0.798551
r75k3q0.8c5/222.1.cnf, 0.79896
r75k3q0.8c5/120.1.cnf, 0.797825
r75k3q0.8c5/63.1.cnf, 0.792643
r75k3q0.8c5/108.2.cnf, 0.79561
r75k3q0.8c5/178.3.cnf, 0.798557
r75k3q0.8c5/161.3.cnf, 0.798203
r75k3q0.8c5/111.1.cnf, 0.796526
r75k3q0.8c5/36.2.cnf, 0.790638
r75k3q0.8c5/13.1.cnf, 0.863905
r75k3q0.8c5/248.1.cnf, 0.798997
r75k3q0.8c5/156.5.cnf, 0.788872
r75k3q0.8c5/257.2.cnf, 0.798195
r75k3q0.8c5/191.2.cnf, 0.797895
r75k3q0.8c5/258.3.cnf, 0.7995
r75k3q0.8c5/271.2.cnf, 0.798496
r75k3q0.8c5/22.3.cnf, 0.743343
r75k3q0.8c5/220.2.cnf, 0.797645
r75k3q0.8c5/243.1.cnf, 0.787788
r75k3q0.8c5/222.2.cnf, 0.794619
r75k3q0.8c5/213.2.cnf, 0.796725
r75k3q0.8c5/173.3.cnf, 0.786862
r75k3q0.8c5/246.4.cnf, 0.790832
r75k3q0.8c5/76.5.cnf, 0.794667
r75k3q0.8c5/202.3.cnf, 0.798647
r75k3q0.8c5/95.5.cnf, 0.795789
r75k3q0.8c5/280.1.cnf, 0.783751
r75k3q0.8c5/122.2.cnf, 0.794276
r75k3q0.8c5/231.5.cnf, 0.794064
r75k3q0.8c5/155.4.cnf, 0.796587
r75k3q0.8c5/159.4.cnf, 0.798228
r75k3q0.8c5/31.5.cnf, 0.791652
r75k3q0.8c5/178.4.cnf, 0.797025
r75k3q0.8c5/187.2.cnf, 0.79642
r75k3q0.8c5/128.3.cnf, 0.786743
r75k3q0.8c5/197.3.cnf, 0.797908
r75k3q0.8c5/288.5.cnf, 0.797169
r75k3q0.8c5/57.5.cnf, 0.782395
r75k3q0.8c5/261.1.cnf, 0.799255
r75k3q0.8c5/41.3.cnf, 0.774539
r75k3q0.8c5/135.2.cnf, 0.799451
r75k3q0.8c5/6.3.cnf, 0.833333
r75k3q0.8c5/128.4.cnf, 0.785767
r75k3q0.8c5/147.4.cnf, 0.795502
r75k3q0.8c5/1.4.cnf, 0
r75k3q0.8c5/315.1.cnf, 0.79811
r75k3q0.8c5/86.3.cnf, 0.796376
r75k3q0.8c5/192.2.cnf, 0.796441
r75k3q0.8c5/194.2.cnf, 0.796631
r75k3q0.8c5/32.1.cnf, 0.808594
r75k3q0.8c5/147.1.cnf, 0.794051
r75k3q0.8c5/67.3.cnf, 0.788149
r75k3q0.8c5/183.4.cnf, 0.79232
r75k3q0.8c5/96.1.cnf, 0.797092
r75k3q0.8c5/172.5.cnf, 0.795986
r75k3q0.8c5/165.3.cnf, 0.797442
r75k3q0.8c5/58.1.cnf, 0.773484
r75k3q0.8c5/77.1.cnf, 0.793283
r75k3q0.8c5/298.3.cnf, 0.797583
r75k3q0.8c5/197.1.cnf, 0.797269
r75k3q0.8c5/187.1.cnf, 0.78801
r75k3q0.8c5/253.5.cnf, 0.798495
r75k3q0.8c5/204.2.cnf, 0.799726
r75k3q0.8c5/26.5.cnf, 0.810322
r75k3q0.8c5/17.3.cnf, 0.851211
r75k3q0.8c5/167.4.cnf, 0.79673
r75k3q0.8c5/132.1.cnf, 0.793077
r75k3q0.8c5/170.3.cnf, 0.793722
r75k3q0.8c5/104.2.cnf, 0.796117
r75k3q0.8c5/91.4.cnf, 0.792658
r75k3q0.8c5/193.3.cnf, 0.796224
r75k3q0.8c5/82.2.cnf, 0.793873
r75k3q0.8c5/131.2.cnf, 0.790164
r75k3q0.8c5/72.4.cnf, 0.779707
r75k3q0.8c5/124.3.cnf, 0.792534
r75k3q0.8c5/27.1.cnf, 0.792867
r75k3q0.8c5/187.5.cnf, 0.788241
r75k3q0.8c5/167.5.cnf, 0.795798
r75k3q0.8c5/45.5.cnf, 0.781235
r75k3q0.8c5/63.2.cnf, 0.799698
r75k3q0.8c5/296.2.cnf, 0.799031
r75k3q0.8c5/226.1.cnf, 0.794541
r75k3q0.8c5/36.3.cnf, 0.8
r75k3q0.8c5/125.5.cnf, 0.79488
r75k3q0.8c5/214.3.cnf, 0.795397
r75k3q0.8c5/159.5.cnf, 0.798329
r75k3q0.8c5/53.4.cnf, 0.78288
r75k3q0.8c5/221.1.cnf, 0.798346
r75k3q0.8c5/22.4.cnf, 0.772727
r75k3q0.8c5/254.5.cnf, 0.798114
r75k3q0.8c5/162.1.cnf, 0.794467
r75k3q0.8c5/309.4.cnf, 0.799266
r75k3q0.8c5/249.1.cnf, 0.796583
r75k3q0.8c5/215.4.cnf, 0.795877
r75k3q0.8c5/127.2.cnf, 0.790375
r75k3q0.8c5/151.3.cnf, 0.797622
r75k3q0.8c5/46.1.cnf, 0.776728
r75k3q0.8c5/154.1.cnf, 0.798027
r75k3q0.8c5/156.1.cnf, 0.789011
r75k3q0.8c5/13.2.cnf, 0.828402
r75k3q0.8c5/266.5.cnf, 0.799231
r75k3q0.8c5/174.2.cnf, 0.795282
r75k3q0.8c5/136.1.cnf, 0.79801
r75k3q0.8c5/32.2.cnf, 0.760417
r75k3q0.8c5/100.1.cnf, 0.7906
r75k3q0.8c5/121.4.cnf, 0.779861
r75k3q0.8c5/115.5.cnf, 0.796522
r75k3q0.8c5/123.3.cnf, 0.798863
r75k3q0.8c5/86.4.cnf, 0.796106
r75k3q0.8c5/192.1.cnf, 0.796224
r75k3q0.8c5/164.5.cnf, 0.799004
r75k3q0.8c5/67.4.cnf, 0.797505
r75k3q0.8c5/152.4.cnf, 0.794965
r75k3q0.8c5/168.5.cnf, 0.799957
r75k3q0.8c5/96.2.cnf, 0.791884
r75k3q0.8c5/58.2.cnf, 0.784912
r75k3q0.8c5/283.2.cnf, 0.798571
r75k3q0.8c5/41.4.cnf, 0.777447
r75k3q0.8c5/128.2.cnf, 0.791618
r75k3q0.8c5/158.5.cnf, 0.797228
r75k3q0.8c5/155.5.cnf, 0.790978
r75k3q0.8c5/236.3.cnf, 0.799511
r75k3q0.8c5/323.3.cnf, 0.799431
r75k3q0.8c5/254.4.cnf, 0.79894
r75k3q0.8c5/251.4.cnf, 0.797568
r75k3q0.8c5/77.2.cnf, 0.789003
r75k3q0.8c5/17.4.cnf, 0.778931
r75k3q0.8c5/9.2.cnf, 0.814815
r75k3q0.8c5/237.5.cnf, 0.794779
r75k3q0.8c5/293.3.cnf, 0.798485
r75k3q0.8c5/121.2.cnf, 0.79625
r75k3q0.8c5/53.5.cnf, 0.789605
r75k3q0.8c5/149.3.cnf, 0.796631
r75k3q0.8c5/150.3.cnf, 0.793333
r75k3q0.8c5/63.3.cnf, 0.777526
r75k3q0.8c5/4.3.cnf, 0.75
r75k3q0.8c5/72.5.cnf, 0.78125
r75k3q0.8c5/194.3.cnf, 0.798774
r75k3q0.8c5/203.3.cnf, 0.796196
r75k3q0.8c5/91.5.cnf, 0.78976
r75k3q0.8c5/137.1.cnf, 0.793793
r75k3q0.8c5/203.1.cnf, 0.798297
r75k3q0.8c5/82.3.cnf, 0.782867
r75k3q0.8c5/162.3.cnf, 0.789133
r75k3q0.8c5/214.4.cnf, 0.7971
r75k3q0.8c5/36.4.cnf, 0.757545
r75k3q0.8c5/182.3.cnf, 0.792901
r75k3q0.8c5/302.4.cnf, 0.797508
r75k3q0.8c5/279.2.cnf, 0.796518
r75k3q0.8c5/121.1.cnf, 0.794891
r75k3q0.8c5/92.1.cnf, 0.796078
r75k3q0.8c5/219.1.cnf, 0.799566
r75k3q0.8c5/155.2.cnf, 0.795754
r75k3q0.8c5/163.2.cnf, 0.792427
r75k3q0.8c5/54.1.cnf, 0.801478
r75k3q0.8c5/104.3.cnf, 0.790865
r75k3q0.8c5/132.3.cnf, 0.796832
r75k3q0.8c5/153.2.cnf, 0.794652
r75k3q0.8c5/227.3.cnf, 0.798849
r75k3q0.8c5/330.1.cnf, 0.798732
r75k3q0.8c5/143.3.cnf, 0.794953
r75k3q0.8c5/73.1.cnf, 0.778007
r75k3q0.8c5/266.2.cnf, 0.798066
r75k3q0.8c5/129.4.cnf, 0.790405
r75k3q0.8c5/27.2.cnf, 0.780979
r75k3q0.8c5/46.2.cnf, 0.784394
r75k3q0.8c5/157.1.cnf, 0.786571
r75k3q0.8c5/188.2.cnf, 0.795791
r75k3q0.8c5/239.2.cnf, 0.798376
r75k3q0.8c5/22.5.cnf, 0.791093
r75k3q0.8c5/13.3.cnf, 0.87574
r75k3q0.8c5/284.4.cnf, 0.799053
r75k3q0.8c5/220.3.cnf, 0.798774
r75k3q0.8c5/168.4.cnf, 0.798328
r75k3q0.8c5/106.5.cnf, 0.783909
r75k3q0.8c5/263.5.cnf, 0.796486
r75k3q0.8c5/162.5.cnf, 0.797269
r75k3q0.8c5/23.1.cnf, 0.782609
r75k3q0.8c5/264.4.cnf, 0.795819
r75k3q0.8c5/248.4.cnf, 0.798636
r75k3q0.8c5/209.3.cnf, 0.799038
r75k3q0.8c5/296.3.cnf, 0.792352
r75k3q0.8c5/100.4.cnf, 0.787
r75k3q0.8c5/67.5.cnf, 0.762308
r75k3q0.8c5/191.4.cnf, 0.798772
r75k3q0.8c5/222.5.cnf, 0.7947
r75k3q0.8c5/32.3.cnf, 0.794774
r75k3q0.8c5/182.2.cnf, 0.793951
r75k3q0.8c5/86.5.cnf, 0.798269
r75k3q0.8c5/213.1.cnf, 0.798475
r75k3q0.8c5/152.3.cnf, 0.793369
r75k3q0.8c5/219.3.cnf, 0.796152
r75k3q0.8c5/115.4.cnf, 0.79017
r75k3q0.8c5/96.3.cnf, 0.791016
r75k3q0.8c5/203.4.cnf, 0.794832
r75k3q0.8c5/248.5.cnf, 0.797178
r75k3q0.8c5/240.1.cnf, 0.795138
r75k3q0.8c5/234.3.cnf, 0.798744
r75k3q0.8c5/103.2.cnf, 0.794608
r75k3q0.8c5/113.3.cnf, 0.794894
r75k3q0.8c5/41.5.cnf, 0.7674
r75k3q0.8c5/77.3.cnf, 0.798448
r75k3q0.8c5/87.1.cnf, 0.794557
r75k3q0.8c5/226.4.cnf, 0.79693
r75k3q0.8c5/68.1.cnf, 0.778979
r75k3q0.8c5/240.2.cnf, 0.792599
r75k3q0.8c5/192.5.cnf, 0.798123
r75k3q0.8c5/239.5.cnf, 0.795389
r75k3q0.8c5/58.3.cnf, 0.76886
r75k3q0.8c5/103.5.cnf, 0.798756
r75k3q0.8c5/103.4.cnf, 0.796232
r75k3q0.8c5/262.5.cnf, 0.79899
r75k3q0.8c5/201.1.cnf, 0.799663
r75k3q0.8c5/17.5.cnf, 0.823529
r75k3q0.8c5/143.2.cnf, 0.797163
r75k3q0.8c5/235.5.cnf, 0.795373
r75k3q0.8c5/18.1.cnf, 0.771605
r75k3q0.8c5/42.1.cnf, 0.778912
r75k3q0.8c5/247.1.cnf, 0.797376
r75k3q0.8c5/211.1.cnf, 0.798413
r75k3q0.8c5/13.4.cnf, 0.791584
r75k3q0.8c5/4.2.cnf, 0.625
r75k3q0.8c5/82.4.cnf, 0.789114
r75k3q0.8c5/27.3.cnf, 0.800488
r75k3q0.8c5/7.2.cnf, 0.77551
r75k3q0.8c5/92.2.cnf, 0.797259
r75k3q0.8c5/188.1.cnf, 0.790815
r75k3q0.8c5/36.5.cnf, 0.780693
r75k3q0.8c5/46.3.cnf, 0.785444
r75k3q0.8c5/63.4.cnf, 0.790907
r75k3q0.8c5/140.1.cnf, 0.79323
r75k3q0.8c5/169.3.cnf, 0.781485
r75k3q0.8c5/2.3.cnf, 0.5
r75k3q0.8c5/210.1.cnf, 0.798817
r75k3q0.8c5/219.2.cnf, 0.796096
r75k3q0.8c5/235.1.cnf, 0.798394
r75k3q0.8c5/118.1.cnf, 0.799196
r75k3q0.8c5/282.5.cnf, 0.797992
r75k3q0.8c5/231.4.cnf, 0.794129
r75k3q0.8c5/54.2.cnf, 0.790504
r75k3q0.8c5/249.2.cnf, 0.794923
r75k3q0.8c5/122.4.cnf, 0.799382
r75k3q0.8c5/37.1.cnf, 0.747991
r75k3q0.8c5/73.2.cnf, 0.775755
r75k3q0.8c5/32.4.cnf, 0.771484
r75k3q0.8c5/190.2.cnf, 0.797626
r75k3q0.8c5/262.2.cnf, 0.79926
r75k3q0.8c5/23.2.cnf, 0.797732
r75k3q0.8c5/8.5.cnf, 0.78125
r75k3q0.8c5/196.3.cnf, 0.796699
r75k3q0.8c5/246.2.cnf, 0.798422
r75k3q0.8c5/101.1.cnf, 0.78757
r75k3q0.8c5/307.2.cnf, 0.797119
r75k3q0.8c5/260.4.cnf, 0.79762
r75k3q0.8c5/215.1.cnf, 0.796532
r75k3q0.8c5/269.4.cnf, 0.79247
r75k3q0.8c5/259.1.cnf, 0.795505
r75k3q0.8c5/112.5.cnf, 0.791932
r75k3q0.8c5/281.3.cnf, 0.796913
r75k3q0.8c5/170.5.cnf, 0.796817
r75k3q0.8c5/96.4.cnf, 0.778863
r75k3q0.8c5/127.4.cnf, 0.795214
r75k3q0.8c5/266.3.cnf, 0.797894
r75k3q0.8c5/201.3.cnf, 0.797753
r75k3q0.8c5/77.4.cnf, 0.780471
r75k3q0.8c5/50.1.cnf, 0.8032
r75k3q0.8c5/163.4.cnf, 0.794391
r75k3q0.8c5/135.4.cnf, 0.794184
r75k3q0.8c5/58.4.cnf, 0.781807
r75k3q0.8c5/106.4.cnf, 0.788893
r75k3q0.8c5/212.5.cnf, 0.795669
r75k3q0.8c5/42.2.cnf, 0.777778
r75k3q0.8c5/87.2.cnf, 0.790857
r75k3q0.8c5/133.1.cnf, 0.791339
r75k3q0.8c5/189.2.cnf, 0.793427
r75k3q0.8c5/68.2.cnf, 0.79282
r75k3q0.8c5/247.4.cnf, 0.797568
r75k3q0.8c5/154.4.cnf, 0.796702
r75k3q0.8c5/172.2.cnf, 0.79556
r75k3q0.8c5/63.5.cnf, 0.770552
r75k3q0.8c5/164.3.cnf, 0.790545
r75k3q0.8c5/144.2.cnf, 0.793486
r75k3q0.8c5/210.3.cnf, 0.797337
r75k3q0.8c5/169.1.cnf, 0.792829
r75k3q0.8c5/184.5.cnf, 0.788199
r75k3q0.8c5/100.5.cnf, 0.781
r75k3q0.8c5/82.5.cnf, 0.798659
r75k3q0.8c5/54.3.cnf, 0.786045
r75k3q0.8c5/223.3.cnf, 0.797885
r75k3q0.8c5/243.5.cnf, 0.797396
r75k3q0.8c5/278.2.cnf, 0.798108
r75k3q0.8c5/228.5.cnf, 0.79713
r75k3q0.8c5/18.2.cnf, 0.82716
r75k3q0.8c5/109.5.cnf, 0.798081
r75k3q0.8c5/64.1.cnf, 0.789551
r75k3q0.8c5/83.1.cnf, 0.769633
r75k3q0.8c5/92.3.cnf, 0.786626
r75k3q0.8c5/73.3.cnf, 0.793981
r75k3q0.8c5/109.1.cnf, 0.787139
r75k3q0.8c5/13.5.cnf, 0.828402
r75k3q0.8c5/27.4.cnf, 0.84188
r75k3q0.8c5/114.5.cnf, 0.777316
r75k3q0.8c5/267.5.cnf, 0.798898
r75k3q0.8c5/161.2.cnf, 0.794063
r75k3q0.8c5/191.5.cnf, 0.79466
r75k3q0.8c5/206.1.cnf, 0.798334
r75k3q0.8c5/133.5.cnf, 0.793274
r75k3q0.8c5/218.5.cnf, 0.796061
r75k3q0.8c5/193.5.cnf, 0.797119
r75k3q0.8c5/37.2.cnf, 0.775749
r75k3q0.8c5/239.1.cnf, 0.794839
r75k3q0.8c5/282.3.cnf, 0.797017
r75k3q0.8c5/238.1.cnf, 0.79478
r75k3q0.8c5/7.1.cnf, 0.77551
r75k3q0.8c5/46.4.cnf, 0.794896
r75k3q0.8c5/131.4.cnf, 0.79063
r75k3q0.8c5/228.4.cnf, 0.796995
r75k3q0.8c5/14.1.cnf, 0.821995
r75k3q0.8c5/171.2.cnf, 0.788687
r75k3q0.8c5/285.4.cnf, 0.798329
r75k3q0.8c5/199.4.cnf, 0.798439
r75k3q0.8c5/228.3.cnf, 0.799823
r75k3q0.8c5/123.4.cnf, 0.788816
r75k3q0.8c5/23.3.cnf, 0.775467
r75k3q0.8c5/151.1.cnf, 0.79172
r75k3q0.8c5/214.1.cnf, 0.799136
r75k3q0.8c5/2.2.cnf, 0.5
r75k3q0.8c5/244.1.cnf, 0.795746
r75k3q0.8c5/355.5.cnf, 0.799788
r75k3q0.8c5/32.5.cnf, 0.768663
r75k3q0.8c5/5.2.cnf, 0.72
r75k3q0.8c5/50.2.cnf, 0.792
r75k3q0.8c5/169.4.cnf, 0.785927
r75k3q0.8c5/174.5.cnf, 0.79568
r75k3q0.8c5/217.2.cnf, 0.796492
r75k3q0.8c5/231.2.cnf, 0.797582
r75k3q0.8c5/130.2.cnf, 0.788876
r75k3q0.8c5/58.5.cnf, 0.792509
r75k3q0.8c5/255.3.cnf, 0.798965
r75k3q0.8c5/96.5.cnf, 0.796676
r75k3q0.8c5/149.2.cnf, 0.796293
r75k3q0.8c5/199.1.cnf, 0.795174
r75k3q0.8c5/214.5.cnf, 0.793361
r75k3q0.8c5/216.4.cnf, 0.796447
r75k3q0.8c5/87.3.cnf, 0.791122
r75k3q0.8c5/167.2.cnf, 0.797796
r75k3q0.8c5/42.3.cnf, 0.781305
r75k3q0.8c5/196.2.cnf, 0.79433
r75k3q0.8c5/230.4.cnf, 0.795599
r75k3q0.8c5/126.3.cnf, 0.796288
r75k3q0.8c5/33.1.cnf, 0.768085
r75k3q0.8c5/97.1.cnf, 0.787119
r75k3q0.8c5/77.5.cnf, 0.795412
r75k3q0.8c5/8.4.cnf, 0.84375
r75k3q0.8c5/107.5.cnf, 0.792384
r75k3q0.8c5/273.4.cnf, 0.797915
r75k3q0.8c5/68.3.cnf, 0.782007
r75k3q0.8c5/78.1.cnf, 0.79783
r75k3q0.8c5/217.1.cnf, 0.796625
r75k3q0.8c5/6.5.cnf, 0.777778
r75k3q0.8c5/3.5.cnf, 0.666667
r75k3q0.8c5/227.1.cnf, 0.795325
r75k3q0.8c5/115.1.cnf, 0.79017
r75k3q0.8c5/264.1.cnf, 0.79571
r75k3q0.8c5/267.3.cnf, 0.796003
r75k3q0.8c5/59.1.cnf, 0.791535
r75k3q0.8c5/218.2.cnf, 0.797111
r75k3q0.8c5/274.3.cnf, 0.796848
r75k3q0.8c5/150.2.cnf, 0.797067
r75k3q0.8c5/92.4.cnf, 0.793951
r75k3q0.8c5/54.4.cnf, 0.781207
r75k3q0.8c5/27.5.cnf, 0.772443
r75k3q0.8c5/265.2.cnf, 0.791063
r75k3q0.8c5/18.3.cnf, 0.772977
r75k3q0.8c5/153.3.cnf, 0.797597
r75k3q0.8c5/242.2.cnf, 0.798375
r75k3q0.8c5/73.4.cnf, 0.789266
r75k3q0.8c5/64.2.cnf, 0.794922
r75k3q0.8c5/83.2.cnf, 0.795761
r75k3q0.8c5/107.4.cnf, 0.793165
r75k3q0.8c5/118.2.cnf, 0.778289
r75k3q0.8c5/132.2.cnf, 0.795569
r75k3q0.8c5/234.5.cnf, 0.798566
r75k3q0.8c5/126.4.cnf, 0.788224
r75k3q0.8c5/37.3.cnf, 0.749452
r75k3q0.8c5/235.4.cnf, 0.798232
r75k3q0.8c5/28.1.cnf, 0.751134
r75k3q0.8c5/300.5.cnf, 0.798658
r75k3q0.8c5/46.5.cnf, 0.783449
r75k3q0.8c5/201.4.cnf, 0.796812
r75k3q0.8c5/117.1.cnf, 0.791834
r75k3q0.8c5/161.1.cnf, 0.792793
r75k3q0.8c5/234.2.cnf, 0.798123
r75k3q0.8c5/157.4.cnf, 0.796868
r75k3q0.8c5/149.1.cnf, 0.794379
r75k3q0.8c5/278.3.cnf, 0.799392
r75k3q0.8c5/194.5.cnf, 0.797689
r75k3q0.8c5/14.2.cnf, 0.806122
r75k3q0.8c5/192.4.cnf, 0.795386
r75k3q0.8c5/117.3.cnf, 0.794214
r75k3q0.8c5/117.4.cnf, 0.798013
r75k3q0.8c5/158.4.cnf, 0.795225
r75k3q0.8c5/275.3.cnf, 0.795824
r75k3q0.8c5/123.5.cnf, 0.794104
r75k3q0.8c5/311.1.cnf, 0.797753
r75k3q0.8c5/158.1.cnf, 0.795671
r75k3q0.8c5/50.3.cnf, 0.760356
r75k3q0.8c5/179.3.cnf, 0.7975
r75k3q0.8c5/105.5.cnf, 0.795828
r75k3q0.8c5/23.4.cnf, 0.797732
r75k3q0.8c5/291.2.cnf, 0.799238
r75k3q0.8c5/60.1.cnf, 0.790556
r75k3q0.8c5/120.3.cnf, 0.797917
r75k3q0.8c5/216.5.cnf, 0.798789
r75k3q0.8c5/42.4.cnf, 0.773873
r75k3q0.8c5/261.2.cnf, 0.793995
r75k3q0.8c5/47.1.cnf, 0.789095
r75k3q0.8c5/113.2.cnf, 0.795677
r75k3q0.8c5/291.5.cnf, 0.796877
r75k3q0.8c5/287.3.cnf, 0.797386
r75k3q0.8c5/225.4.cnf, 0.798538
r75k3q0.8c5/112.3.cnf, 0.798151
r75k3q0.8c5/87.4.cnf, 0.790329
r75k3q0.8c5/177.5.cnf, 0.795559
r75k3q0.8c5/205.2.cnf, 0.795457
r75k3q0.8c5/208.2.cnf, 0.798239
r75k3q0.8c5/33.2.cnf, 0.807877
r75k3q0.8c5/194.1.cnf, 0.797498
r75k3q0.8c5/142.4.cnf, 0.797758
r75k3q0.8c5/97.2.cnf, 0.782335
r75k3q0.8c5/150.5.cnf, 0.796533
r75k3q0.8c5/233.4.cnf, 0.797999
r75k3q0.8c5/10.1.cnf, 0.8
r75k3q0.8c5/251.1.cnf, 0.796762
r75k3q0.8c5/68.4.cnf, 0.777249
r75k3q0.8c5/5.1.cnf, 0.604444
r75k3q0.8c5/59.2.cnf, 0.789364
r75k3q0.8c5/125.3.cnf, 0.796087
r75k3q0.8c5/134.3.cnf, 0.793829
r75k3q0.8c5/148.3.cnf, 0.796567
r75k3q0.8c5/188.5.cnf, 0.796005
r75k3q0.8c5/78.2.cnf, 0.793886
r75k3q0.8c5/241.5.cnf, 0.79799
r75k3q0.8c5/138.4.cnf, 0.791115
r75k3q0.8c5/183.2.cnf, 0.793382
r75k3q0.8c5/173.1.cnf, 0.796038
r75k3q0.8c5/175.1.cnf, 0.789943
r75k3q0.8c5/148.4.cnf, 0.782417
r75k3q0.8c5/294.3.cnf, 0.797307
r75k3q0.8c5/141.1.cnf, 0.797449
r75k3q0.8c5/178.1.cnf, 0.795859
r75k3q0.8c5/18.4.cnf, 0.814815
r75k3q0.8c5/92.5.cnf, 0.779374
r75k3q0.8c5/54.5.cnf, 0.77576
r75k3q0.8c5/123.1.cnf, 0.792126
r75k3q0.8c5/228.2.cnf, 0.799067
r75k3q0.8c5/73.5.cnf, 0.794145
r75k3q0.8c5/341.4.cnf, 0.796278
r75k3q0.8c5/168.3.cnf, 0.794363
r75k3q0.8c5/64.3.cnf, 0.776518
r75k3q0.8c5/6.4.cnf, 0.777778
r75k3q0.8c5/190.4.cnf, 0.796231
r75k3q0.8c5/9.4.cnf, 0.790123
r75k3q0.8c5/127.5.cnf, 0.79819
r75k3q0.8c5/83.3.cnf, 0.793729
r75k3q0.8c5/28.2.cnf, 0.795918
r75k3q0.8c5/238.5.cnf, 0.799516
r75k3q0.8c5/93.1.cnf, 0.792769
r75k3q0.8c5/55.1.cnf, 0.787438
r75k3q0.8c5/102.5.cnf, 0.796981
r75k3q0.8c5/167.3.cnf, 0.796694
r75k3q0.8c5/1.5.cnf, 0
r75k3q0.8c5/140.2.cnf, 0.791837
r75k3q0.8c5/225.3.cnf, 0.788267
r75k3q0.8c5/210.4.cnf, 0.794749
r75k3q0.8c5/133.4.cnf, 0.788626
r75k3q0.8c5/195.2.cnf, 0.794399
r75k3q0.8c5/37.4.cnf, 0.799935
r75k3q0.8c5/74.1.cnf, 0.794741
r75k3q0.8c5/111.4.cnf, 0.792306
r75k3q0.8c5/157.3.cnf, 0.796949
r75k3q0.8c5/110.3.cnf, 0.781322
r75k3q0.8c5/260.2.cnf, 0.799351
r75k3q0.8c5/133.2.cnf, 0.794421
r75k3q0.8c5/160.3.cnf, 0.78625
r75k3q0.8c5/189.1.cnf, 0.796898
r75k3q0.8c5/176.1.cnf, 0.798759
r75k3q0.8c5/14.3.cnf, 0.857143
r75k3q0.8c5/215.5.cnf, 0.798683
r75k3q0.8c5/286.5.cnf, 0.79707
r75k3q0.8c5/284.5.cnf, 0.796089
r75k3q0.8c5/264.2.cnf, 0.796166
r75k3q0.8c5/165.2.cnf, 0.792099
r75k3q0.8c5/50.4.cnf, 0.7912
r75k3q0.8c5/197.4.cnf, 0.798157
r75k3q0.8c5/23.5.cnf, 0.828397
r75k3q0.8c5/47.2.cnf, 0.791509
r75k3q0.8c5/154.2.cnf, 0.797099
r75k3q0.8c5/198.3.cnf, 0.795174
r75k3q0.8c5/68.5.cnf, 0.79801
r75k3q0.8c5/59.3.cnf, 0.775639
r75k3q0.8c5/108.1.cnf, 0.79784
r75k3q0.8c5/87.5.cnf, 0.792591
r75k3q0.8c5/24.1.cnf, 0.77392
r75k3q0.8c5/157.2.cnf, 0.797748
r75k3q0.8c5/213.3.cnf, 0.794726
r75k3q0.8c5/97.3.cnf, 0.79307
r75k3q0.8c5/10.2.cnf, 0.82
r75k3q0.8c5/78.3.cnf, 0.79783
r75k3q0.8c5/112.1.cnf, 0.797672
r75k3q0.8c5/33.3.cnf, 0.758902
r75k3q0.8c5/232.2.cnf, 0.796799
r75k3q0.8c5/42.5.cnf, 0.790123
r75k3q0.8c5/204.1.cnf, 0.796809
r75k3q0.8c5/60.2.cnf, 0.787901
r75k3q0.8c5/176.4.cnf, 0.794615
r75k3q0.8c5/242.4.cnf, 0.795313
r75k3q0.8c5/88.1.cnf, 0.791581
r75k3q0.8c5/250.1.cnf, 0.796032
r75k3q0.8c5/143.5.cnf, 0.79466
r75k3q0.8c5/153.1.cnf, 0.796788
r75k3q0.8c5/69.1.cnf, 0.786809
r75k3q0.8c5/159.3.cnf, 0.796507
r75k3q0.8c5/139.3.cnf, 0.7831
r75k3q0.8c5/240.5.cnf, 0.797325
r75k3q0.8c5/134.2.cnf, 0.797059
r75k3q0.8c5/161.4.cnf, 0.798228
r75k3q0.8c5/191.3.cnf, 0.799612
r75k3q0.8c5/18.5.cnf, 0.845679
r75k3q0.8c5/138.1.cnf, 0.794476
r75k3q0.8c5/43.1.cnf, 0.786611
r75k3q0.8c5/64.4.cnf, 0.786621
r75k3q0.8c5/257.5.cnf, 0.799231
r75k3q0.8c5/275.4.cnf, 0.798079
r75k3q0.8c5/117.5.cnf, 0.796522
r75k3q0.8c5/19.1.cnf, 0.787935
r75k3q0.8c5/125.1.cnf, 0.793472
r75k3q0.8c5/186.4.cnf, 0.78767
r75k3q0.8c5/182.4.cnf, 0.792039
r75k3q0.8c5/138.3.cnf, 0.795415
r75k3q0.8c5/83.4.cnf, 0.795181
r75k3q0.8c5/278.1.cnf, 0.798388
r75k3q0.8c5/93.2.cnf, 0.79408
r75k3q0.8c5/189.4.cnf, 0.796231
r75k3q0.8c5/74.2.cnf, 0.785245
r75k3q0.8c5/55.2.cnf, 0.781488
r75k3q0.8c5/138.2.cnf, 0.796739
r75k3q0.8c5/141.2.cnf, 0.797857
r75k3q0.8c5/141.4.cnf, 0.798853
r75k3q0.8c5/207.3.cnf, 0.798745
r75k3q0.8c5/3.1.cnf, 0.666667
r75k3q0.8c5/105.4.cnf, 0.78966
r75k3q0.8c5/134.5.cnf, 0.798439
r75k3q0.8c5/188.3.cnf, 0.797429
r75k3q0.8c5/178.5.cnf, 0.799329
r75k3q0.8c5/174.1.cnf, 0.79869
r75k3q0.8c5/269.2.cnf, 0.79311
r75k3q0.8c5/37.5.cnf, 0.776885
r75k3q0.8c5/28.3.cnf, 0.765306
r75k3q0.8c5/246.1.cnf, 0.796168
r75k3q0.8c5/243.3.cnf, 0.794944
r75k3q0.8c5/144.3.cnf, 0.797164
r75k3q0.8c5/266.1.cnf, 0.799759
r75k3q0.8c5/315.2.cnf, 0.797358
r75k3q0.8c5/47.3.cnf, 0.789699
r75k3q0.8c5/9.3.cnf, 0.762689
r75k3q0.8c5/271.5.cnf, 0.797009
r75k3q0.8c5/50.5.cnf, 0.756978
r75k3q0.8c5/4.4.cnf, 0.625
r75k3q0.8c5/38.1.cnf, 0.781163
r75k3q0.8c5/279.4.cnf, 0.797743
r75k3q0.8c5/165.4.cnf, 0.799339
r75k3q0.8c5/70.1.cnf, 0.784898
r75k3q0.8c5/51.1.cnf, 0.792772
r75k3q0.8c5/60.3.cnf, 0.790556
r75k3q0.8c5/348.5.cnf, 0.79565
r75k3q0.8c5/181.5.cnf, 0.798083
r75k3q0.8c5/14.4.cnf, 0.846939
r75k3q0.8c5/257.4.cnf, 0.799042
r75k3q0.8c5/121.3.cnf, 0.793023
r75k3q0.8c5/105.1.cnf, 0.797823
r75k3q0.8c5/130.1.cnf, 0.796568
r75k3q0.8c5/190.3.cnf, 0.794024
r75k3q0.8c5/206.3.cnf, 0.798239
r75k3q0.8c5/172.1.cnf, 0.793885
r75k3q0.8c5/160.2.cnf, 0.796641
r75k3q0.8c5/244.4.cnf, 0.798964
r75k3q0.8c5/101.3.cnf, 0.793256
r75k3q0.8c5/211.3.cnf, 0.798837
r75k3q0.8c5/24.2.cnf, 0.791667
r75k3q0.8c5/198.2.cnf, 0.798105
r75k3q0.8c5/97.4.cnf, 0.765437
r75k3q0.8c5/302.2.cnf, 0.796327
r75k3q0.8c5/213.5.cnf, 0.79873
r75k3q0.8c5/106.1.cnf, 0.776236
r75k3q0.8c5/10.3.cnf, 0.76
r75k3q0.8c5/33.4.cnf, 0.768493
r75k3q0.8c5/137.3.cnf, 0.790133
r75k3q0.8c5/129.3.cnf, 0.794678
r75k3q0.8c5/78.4.cnf, 0.793051
r75k3q0.8c5/217.3.cnf, 0.79458
r75k3q0.8c5/257.1.cnf, 0.799042
r75k3q0.8c5/59.4.cnf, 0.785969
r75k3q0.8c5/250.3.cnf, 0.796568
r75k3q0.8c5/69.2.cnf, 0.768326
r75k3q0.8c5/43.2.cnf, 0.764738
r75k3q0.8c5/192.3.cnf, 0.794551
r75k3q0.8c5/130.5.cnf, 0.789496
r75k3q0.8c5/145.4.cnf, 0.79456
r75k3q0.8c5/255.1.cnf, 0.798669
r75k3q0.8c5/88.2.cnf, 0.79313
r75k3q0.8c5/221.3.cnf, 0.798857
r75k3q0.8c5/146.4.cnf, 0.79574
r75k3q0.8c5/170.1.cnf, 0.7943
r75k3q0.8c5/254.3.cnf, 0.796051
r75k3q0.8c5/201.5.cnf, 0.791654
r75k3q0.8c5/20.1.cnf, 0.84
r75k3q0.8c5/223.1.cnf, 0.797987
r75k3q0.8c5/64.5.cnf, 0.787604
r75k3q0.8c5/110.2.cnf, 0.794876
r75k3q0.8c5/150.4.cnf, 0.789964
r75k3q0.8c5/195.4.cnf, 0.799807
r75k3q0.8c5/83.5.cnf, 0.79655
r75k3q0.8c5/183.5.cnf, 0.797038
r75k3q0.8c5/202.4.cnf, 0.798743
r75k3q0.8c5/55.3.cnf, 0.783471
r75k3q0.8c5/245.4.cnf, 0.796157
r75k3q0.8c5/74.3.cnf, 0.792915
r75k3q0.8c5/265.1.cnf, 0.799173
r75k3q0.8c5/372.4.cnf, 0.798695
r75k3q0.8c5/230.1.cnf, 0.794442
r75k3q0.8c5/93.3.cnf, 0.787143
r75k3q0.8c5/166.1.cnf, 0.799052
r75k3q0.8c5/186.3.cnf, 0.792559
r75k3q0.8c5/134.4.cnf, 0.794609
r75k3q0.8c5/133.3.cnf, 0.796314
r75k3q0.8c5/111.3.cnf, 0.796689
r75k3q0.8c5/84.1.cnf, 0.782697
r75k3q0.8c5/102.1.cnf, 0.78757
r75k3q0.8c5/146.5.cnf, 0.794427
r75k3q0.8c5/268.1.cnf, 0.796503
r75k3q0.8c5/236.1.cnf, 0.798585
r75k3q0.8c5/147.5.cnf, 0.791337
r75k3q0.8c5/142.3.cnf, 0.787143
r75k3q0.8c5/148.2.cnf, 0.779397
r75k3q0.8c5/65.1.cnf, 0.784484
r75k3q0.8c5/227.4.cnf, 0.798653
r75k3q0.8c5/241.4.cnf, 0.796597
r75k3q0.8c5/165.1.cnf, 0.79417
r75k3q0.8c5/47.4.cnf, 0.770484
r75k3q0.8c5/146.2.cnf, 0.790205
r75k3q0.8c5/60.4.cnf, 0.775123
r75k3q0.8c5/273.3.cnf, 0.794543
r75k3q0.8c5/154.5.cnf, 0.798386
r75k3q0.8c5/269.5.cnf, 0.799288
r75k3q0.8c5/145.3.cnf, 0.799144
r75k3q0.8c5/250.2.cnf, 0.796306
r75k3q0.8c5/294.1.cnf, 0.798171
r75k3q0.8c5/70.2.cnf, 0.780816
r75k3q0.8c5/203.5.cnf, 0.796
r75k3q0.8c5/197.2.cnf, 0.79722
r75k3q0.8c5/107.2.cnf, 0.79186
r75k3q0.8c5/131.1.cnf, 0.798149
r75k3q0.8c5/97.5.cnf, 0.790148
r75k3q0.8c5/116.1.cnf, 0.785969
r75k3q0.8c5/160.1.cnf, 0.795391
r75k3q0.8c5/211.5.cnf, 0.799443
r75k3q0.8c5/119.3.cnf, 0.797684
r75k3q0.8c5/78.5.cnf, 0.783366
r75k3q0.8c5/135.3.cnf, 0.796927
r75k3q0.8c5/88.3.cnf, 0.787422
r75k3q0.8c5/208.4.cnf, 0.793289
r75k3q0.8c5/306.4.cnf, 0.79844
r75k3q0.8c5/118.4.cnf, 0.794799
r75k3q0.8c5/166.4.cnf, 0.797794
r75k3q0.8c5/98.1.cnf, 0.786547
r75k3q0.8c5/236.5.cnf, 0.794084
r75k3q0.8c5/255.4.cnf, 0.79695
r75k3q0.8c5/113.1.cnf, 0.792701
r75k3q0.8c5/273.1.cnf, 0.798985
r75k3q0.8c5/188.4.cnf, 0.79691
r75k3q0.8c5/304.2.cnf, 0.798578
r75k3q0.8c5/216.3.cnf, 0.796523
r75k3q0.8c5/278.4.cnf, 0.798309
r75k3q0.8c5/320.4.cnf, 0.799553
r75k3q0.8c5/283.3.cnf, 0.799235
r75k3q0.8c5/174.3.cnf, 0.785639
r75k3q0.8c5/181.1.cnf, 0.79858
r75k3q0.8c5/232.4.cnf, 0.796837
r75k3q0.8c5/166.2.cnf, 0.792713
r75k3q0.8c5/240.4.cnf, 0.793517
r75k3q0.8c5/230.3.cnf, 0.795052
r75k3q0.8c5/223.4.cnf, 0.798689
r75k3q0.8c5/253.2.cnf, 0.79786
r75k3q0.8c5/214.2.cnf, 0.799621
r75k3q0.8c5/208.1.cnf, 0.797031
r75k3q0.8c5/252.5.cnf, 0.798923
r75k3q0.8c5/254.1.cnf, 0.797544
r75k3q0.8c5/298.5.cnf, 0.799397
r75k3q0.8c5/289.2.cnf, 0.798577
r75k3q0.8c5/335.1.cnf, 0.799467
r75k3q0.8c5/314.5.cnf, 0.797924
r75k3q0.8c5/289.4.cnf, 0.794076
