file, #v, #c, #l
r75k3q0.8c5/194.4.cnf, 75, 194, 582
r75k3q0.8c5/34.2.cnf, 75, 34, 102
r75k3q0.8c5/67.1.cnf, 75, 67, 201
r75k3q0.8c5/87.1.cnf, 75, 87, 261
r75k3q0.8c5/68.5.cnf, 75, 68, 204
r75k3q0.8c5/60.3.cnf, 75, 60, 180
r75k3q0.8c5/70.4.cnf, 75, 70, 210
r75k3q0.8c5/158.2.cnf, 75, 158, 474
r75k3q0.8c5/12.2.cnf, 75, 12, 36
r75k3q0.8c5/31.4.cnf, 75, 31, 93
r75k3q0.8c5/107.2.cnf, 75, 107, 321
r75k3q0.8c5/107.5.cnf, 75, 107, 321
r75k3q0.8c5/263.2.cnf, 75, 263, 789
r75k3q0.8c5/153.3.cnf, 75, 153, 459
r75k3q0.8c5/6.2.cnf, 75, 6, 18
r75k3q0.8c5/89.4.cnf, 75, 89, 267
r75k3q0.8c5/8.3.cnf, 75, 8, 24
r75k3q0.8c5/137.5.cnf, 75, 137, 411
r75k3q0.8c5/239.1.cnf, 75, 239, 717
r75k3q0.8c5/217.2.cnf, 75, 217, 651
r75k3q0.8c5/106.3.cnf, 75, 106, 318
r75k3q0.8c5/102.5.cnf, 75, 102, 306
r75k3q0.8c5/79.5.cnf, 75, 79, 237
r75k3q0.8c5/212.5.cnf, 75, 212, 636
r75k3q0.8c5/233.2.cnf, 75, 233, 699
r75k3q0.8c5/189.1.cnf, 75, 189, 567
r75k3q0.8c5/57.1.cnf, 75, 57, 171
r75k3q0.8c5/102.4.cnf, 75, 102, 306
r75k3q0.8c5/229.2.cnf, 75, 229, 687
r75k3q0.8c5/34.4.cnf, 75, 34, 102
r75k3q0.8c5/279.2.cnf, 75, 279, 837
r75k3q0.8c5/7.3.cnf, 75, 7, 21
r75k3q0.8c5/49.4.cnf, 75, 49, 147
r75k3q0.8c5/284.4.cnf, 75, 284, 852
r75k3q0.8c5/42.5.cnf, 75, 42, 126
r75k3q0.8c5/102.1.cnf, 75, 102, 306
r75k3q0.8c5/309.3.cnf, 75, 309, 927
r75k3q0.8c5/178.4.cnf, 75, 178, 534
r75k3q0.8c5/188.5.cnf, 75, 188, 564
r75k3q0.8c5/105.1.cnf, 75, 105, 315
r75k3q0.8c5/134.2.cnf, 75, 134, 402
r75k3q0.8c5/29.2.cnf, 75, 29, 87
r75k3q0.8c5/192.4.cnf, 75, 192, 576
r75k3q0.8c5/109.2.cnf, 75, 109, 327
r75k3q0.8c5/33.5.cnf, 75, 33, 99
r75k3q0.8c5/220.5.cnf, 75, 220, 660
r75k3q0.8c5/244.2.cnf, 75, 244, 732
r75k3q0.8c5/267.5.cnf, 75, 267, 801
r75k3q0.8c5/43.1.cnf, 75, 43, 129
r75k3q0.8c5/157.3.cnf, 75, 157, 471
r75k3q0.8c5/157.1.cnf, 75, 157, 471
r75k3q0.8c5/196.4.cnf, 75, 196, 588
r75k3q0.8c5/155.2.cnf, 75, 155, 465
r75k3q0.8c5/12.4.cnf, 75, 12, 36
r75k3q0.8c5/93.2.cnf, 75, 93, 279
r75k3q0.8c5/80.1.cnf, 75, 80, 240
r75k3q0.8c5/44.3.cnf, 75, 44, 132
r75k3q0.8c5/221.5.cnf, 75, 221, 663
r75k3q0.8c5/149.3.cnf, 75, 149, 447
r75k3q0.8c5/311.1.cnf, 75, 311, 933
r75k3q0.8c5/37.2.cnf, 75, 37, 111
r75k3q0.8c5/230.3.cnf, 75, 230, 690
r75k3q0.8c5/152.4.cnf, 75, 152, 456
r75k3q0.8c5/135.4.cnf, 75, 135, 405
r75k3q0.8c5/73.5.cnf, 75, 73, 219
r75k3q0.8c5/257.2.cnf, 75, 257, 771
r75k3q0.8c5/184.3.cnf, 75, 184, 552
r75k3q0.8c5/26.5.cnf, 75, 26, 78
r75k3q0.8c5/161.2.cnf, 75, 161, 483
r75k3q0.8c5/148.3.cnf, 75, 148, 444
r75k3q0.8c5/286.1.cnf, 75, 286, 858
r75k3q0.8c5/114.2.cnf, 75, 114, 342
r75k3q0.8c5/93.5.cnf, 75, 93, 279
r75k3q0.8c5/180.2.cnf, 75, 180, 540
r75k3q0.8c5/19.5.cnf, 75, 19, 57
r75k3q0.8c5/193.4.cnf, 75, 193, 579
r75k3q0.8c5/141.3.cnf, 75, 141, 423
r75k3q0.8c5/21.5.cnf, 75, 21, 63
r75k3q0.8c5/212.1.cnf, 75, 212, 636
r75k3q0.8c5/229.4.cnf, 75, 229, 687
r75k3q0.8c5/135.5.cnf, 75, 135, 405
r75k3q0.8c5/201.4.cnf, 75, 201, 603
r75k3q0.8c5/223.2.cnf, 75, 223, 669
r75k3q0.8c5/66.5.cnf, 75, 66, 198
r75k3q0.8c5/314.5.cnf, 75, 314, 942
r75k3q0.8c5/89.5.cnf, 75, 89, 267
r75k3q0.8c5/267.3.cnf, 75, 267, 801
r75k3q0.8c5/228.2.cnf, 75, 228, 684
r75k3q0.8c5/78.2.cnf, 75, 78, 234
r75k3q0.8c5/197.4.cnf, 75, 197, 591
r75k3q0.8c5/204.5.cnf, 75, 204, 612
r75k3q0.8c5/262.3.cnf, 75, 262, 786
r75k3q0.8c5/133.3.cnf, 75, 133, 399
r75k3q0.8c5/206.1.cnf, 75, 206, 618
r75k3q0.8c5/355.5.cnf, 75, 355, 1065
r75k3q0.8c5/199.1.cnf, 75, 199, 597
r75k3q0.8c5/6.5.cnf, 75, 6, 18
r75k3q0.8c5/130.1.cnf, 75, 130, 390
r75k3q0.8c5/169.2.cnf, 75, 169, 507
r75k3q0.8c5/56.3.cnf, 75, 56, 168
r75k3q0.8c5/81.4.cnf, 75, 81, 243
r75k3q0.8c5/111.2.cnf, 75, 111, 333
r75k3q0.8c5/250.3.cnf, 75, 250, 750
r75k3q0.8c5/207.5.cnf, 75, 207, 621
r75k3q0.8c5/48.2.cnf, 75, 48, 144
r75k3q0.8c5/52.2.cnf, 75, 52, 156
r75k3q0.8c5/234.2.cnf, 75, 234, 702
r75k3q0.8c5/210.5.cnf, 75, 210, 630
r75k3q0.8c5/95.4.cnf, 75, 95, 285
r75k3q0.8c5/105.2.cnf, 75, 105, 315
r75k3q0.8c5/27.2.cnf, 75, 27, 81
r75k3q0.8c5/305.5.cnf, 75, 305, 915
r75k3q0.8c5/139.5.cnf, 75, 139, 417
r75k3q0.8c5/315.2.cnf, 75, 315, 945
r75k3q0.8c5/213.3.cnf, 75, 213, 639
r75k3q0.8c5/234.4.cnf, 75, 234, 702
r75k3q0.8c5/300.2.cnf, 75, 300, 900
r75k3q0.8c5/258.3.cnf, 75, 258, 774
r75k3q0.8c5/55.1.cnf, 75, 55, 165
r75k3q0.8c5/236.3.cnf, 75, 236, 708
r75k3q0.8c5/154.4.cnf, 75, 154, 462
r75k3q0.8c5/243.3.cnf, 75, 243, 729
r75k3q0.8c5/22.3.cnf, 75, 22, 66
r75k3q0.8c5/260.4.cnf, 75, 260, 780
r75k3q0.8c5/253.3.cnf, 75, 253, 759
r75k3q0.8c5/220.2.cnf, 75, 220, 660
r75k3q0.8c5/27.3.cnf, 75, 27, 81
r75k3q0.8c5/28.3.cnf, 75, 28, 84
r75k3q0.8c5/103.4.cnf, 75, 103, 309
r75k3q0.8c5/275.3.cnf, 75, 275, 825
r75k3q0.8c5/241.5.cnf, 75, 241, 723
r75k3q0.8c5/130.3.cnf, 75, 130, 390
r75k3q0.8c5/107.4.cnf, 75, 107, 321
r75k3q0.8c5/105.4.cnf, 75, 105, 315
r75k3q0.8c5/138.1.cnf, 75, 138, 414
r75k3q0.8c5/123.5.cnf, 75, 123, 369
r75k3q0.8c5/2.1.cnf, 75, 2, 6
r75k3q0.8c5/236.1.cnf, 75, 236, 708
r75k3q0.8c5/34.3.cnf, 75, 34, 102
r75k3q0.8c5/120.3.cnf, 75, 120, 360
r75k3q0.8c5/194.1.cnf, 75, 194, 582
r75k3q0.8c5/253.4.cnf, 75, 253, 759
r75k3q0.8c5/90.2.cnf, 75, 90, 270
r75k3q0.8c5/163.3.cnf, 75, 163, 489
r75k3q0.8c5/72.1.cnf, 75, 72, 216
r75k3q0.8c5/100.1.cnf, 75, 100, 300
r75k3q0.8c5/34.1.cnf, 75, 34, 102
r75k3q0.8c5/6.4.cnf, 75, 6, 18
r75k3q0.8c5/31.3.cnf, 75, 31, 93
r75k3q0.8c5/238.1.cnf, 75, 238, 714
r75k3q0.8c5/117.5.cnf, 75, 117, 351
r75k3q0.8c5/193.5.cnf, 75, 193, 579
r75k3q0.8c5/26.1.cnf, 75, 26, 78
r75k3q0.8c5/37.5.cnf, 75, 37, 111
r75k3q0.8c5/129.4.cnf, 75, 129, 387
r75k3q0.8c5/119.3.cnf, 75, 119, 357
r75k3q0.8c5/158.5.cnf, 75, 158, 474
r75k3q0.8c5/224.5.cnf, 75, 224, 672
r75k3q0.8c5/198.1.cnf, 75, 198, 594
r75k3q0.8c5/65.4.cnf, 75, 65, 195
r75k3q0.8c5/190.4.cnf, 75, 190, 570
r75k3q0.8c5/86.4.cnf, 75, 86, 258
r75k3q0.8c5/144.1.cnf, 75, 144, 432
r75k3q0.8c5/55.2.cnf, 75, 55, 165
r75k3q0.8c5/86.1.cnf, 75, 86, 258
r75k3q0.8c5/114.1.cnf, 75, 114, 342
r75k3q0.8c5/57.3.cnf, 75, 57, 171
r75k3q0.8c5/47.2.cnf, 75, 47, 141
r75k3q0.8c5/20.5.cnf, 75, 20, 60
r75k3q0.8c5/34.5.cnf, 75, 34, 102
r75k3q0.8c5/17.3.cnf, 75, 17, 51
r75k3q0.8c5/195.4.cnf, 75, 195, 585
r75k3q0.8c5/129.1.cnf, 75, 129, 387
r75k3q0.8c5/266.3.cnf, 75, 266, 798
r75k3q0.8c5/287.3.cnf, 75, 287, 861
r75k3q0.8c5/154.2.cnf, 75, 154, 462
r75k3q0.8c5/177.5.cnf, 75, 177, 531
r75k3q0.8c5/53.2.cnf, 75, 53, 159
r75k3q0.8c5/223.1.cnf, 75, 223, 669
r75k3q0.8c5/233.5.cnf, 75, 233, 699
r75k3q0.8c5/260.2.cnf, 75, 260, 780
r75k3q0.8c5/293.1.cnf, 75, 293, 879
r75k3q0.8c5/113.2.cnf, 75, 113, 339
r75k3q0.8c5/88.5.cnf, 75, 88, 264
r75k3q0.8c5/100.4.cnf, 75, 100, 300
r75k3q0.8c5/176.5.cnf, 75, 176, 528
r75k3q0.8c5/171.5.cnf, 75, 171, 513
r75k3q0.8c5/220.3.cnf, 75, 220, 660
r75k3q0.8c5/10.1.cnf, 75, 10, 30
r75k3q0.8c5/162.5.cnf, 75, 162, 486
r75k3q0.8c5/125.1.cnf, 75, 125, 375
r75k3q0.8c5/62.1.cnf, 75, 62, 186
r75k3q0.8c5/268.1.cnf, 75, 268, 804
r75k3q0.8c5/214.5.cnf, 75, 214, 642
r75k3q0.8c5/202.2.cnf, 75, 202, 606
r75k3q0.8c5/154.1.cnf, 75, 154, 462
r75k3q0.8c5/77.3.cnf, 75, 77, 231
r75k3q0.8c5/153.2.cnf, 75, 153, 459
r75k3q0.8c5/146.3.cnf, 75, 146, 438
r75k3q0.8c5/87.5.cnf, 75, 87, 261
r75k3q0.8c5/186.2.cnf, 75, 186, 558
r75k3q0.8c5/8.1.cnf, 75, 8, 24
r75k3q0.8c5/86.2.cnf, 75, 86, 258
r75k3q0.8c5/87.2.cnf, 75, 87, 261
r75k3q0.8c5/177.1.cnf, 75, 177, 531
r75k3q0.8c5/9.1.cnf, 75, 9, 27
r75k3q0.8c5/246.3.cnf, 75, 246, 738
r75k3q0.8c5/94.3.cnf, 75, 94, 282
r75k3q0.8c5/38.2.cnf, 75, 38, 114
r75k3q0.8c5/43.5.cnf, 75, 43, 129
r75k3q0.8c5/224.4.cnf, 75, 224, 672
r75k3q0.8c5/136.3.cnf, 75, 136, 408
r75k3q0.8c5/21.4.cnf, 75, 21, 63
r75k3q0.8c5/200.1.cnf, 75, 200, 600
r75k3q0.8c5/137.3.cnf, 75, 137, 411
r75k3q0.8c5/24.4.cnf, 75, 24, 72
r75k3q0.8c5/17.4.cnf, 75, 17, 51
r75k3q0.8c5/322.4.cnf, 75, 322, 966
r75k3q0.8c5/25.5.cnf, 75, 25, 75
r75k3q0.8c5/77.4.cnf, 75, 77, 231
r75k3q0.8c5/113.4.cnf, 75, 113, 339
r75k3q0.8c5/257.5.cnf, 75, 257, 771
r75k3q0.8c5/88.3.cnf, 75, 88, 264
r75k3q0.8c5/142.4.cnf, 75, 142, 426
r75k3q0.8c5/161.3.cnf, 75, 161, 483
r75k3q0.8c5/40.1.cnf, 75, 40, 120
r75k3q0.8c5/246.1.cnf, 75, 246, 738
r75k3q0.8c5/9.2.cnf, 75, 9, 27
r75k3q0.8c5/288.5.cnf, 75, 288, 864
r75k3q0.8c5/37.4.cnf, 75, 37, 111
r75k3q0.8c5/103.2.cnf, 75, 103, 309
r75k3q0.8c5/246.2.cnf, 75, 246, 738
r75k3q0.8c5/151.3.cnf, 75, 151, 453
r75k3q0.8c5/33.1.cnf, 75, 33, 99
r75k3q0.8c5/180.5.cnf, 75, 180, 540
r75k3q0.8c5/246.4.cnf, 75, 246, 738
r75k3q0.8c5/232.3.cnf, 75, 232, 696
r75k3q0.8c5/221.2.cnf, 75, 221, 663
r75k3q0.8c5/122.5.cnf, 75, 122, 366
r75k3q0.8c5/242.4.cnf, 75, 242, 726
r75k3q0.8c5/58.5.cnf, 75, 58, 174
r75k3q0.8c5/27.5.cnf, 75, 27, 81
r75k3q0.8c5/230.1.cnf, 75, 230, 690
r75k3q0.8c5/102.3.cnf, 75, 102, 306
r75k3q0.8c5/185.2.cnf, 75, 185, 555
r75k3q0.8c5/119.2.cnf, 75, 119, 357
r75k3q0.8c5/138.3.cnf, 75, 138, 414
r75k3q0.8c5/230.5.cnf, 75, 230, 690
r75k3q0.8c5/204.2.cnf, 75, 204, 612
r75k3q0.8c5/11.3.cnf, 75, 11, 33
r75k3q0.8c5/102.2.cnf, 75, 102, 306
r75k3q0.8c5/149.2.cnf, 75, 149, 447
r75k3q0.8c5/32.2.cnf, 75, 32, 96
r75k3q0.8c5/220.1.cnf, 75, 220, 660
r75k3q0.8c5/236.4.cnf, 75, 236, 708
r75k3q0.8c5/230.4.cnf, 75, 230, 690
r75k3q0.8c5/13.3.cnf, 75, 13, 39
r75k3q0.8c5/284.5.cnf, 75, 284, 852
r75k3q0.8c5/155.1.cnf, 75, 155, 465
r75k3q0.8c5/42.4.cnf, 75, 42, 126
r75k3q0.8c5/32.1.cnf, 75, 32, 96
r75k3q0.8c5/194.2.cnf, 75, 194, 582
r75k3q0.8c5/238.3.cnf, 75, 238, 714
r75k3q0.8c5/164.3.cnf, 75, 164, 492
r75k3q0.8c5/30.2.cnf, 75, 30, 90
r75k3q0.8c5/242.3.cnf, 75, 242, 726
r75k3q0.8c5/47.4.cnf, 75, 47, 141
r75k3q0.8c5/80.3.cnf, 75, 80, 240
r75k3q0.8c5/251.5.cnf, 75, 251, 753
r75k3q0.8c5/253.5.cnf, 75, 253, 759
r75k3q0.8c5/108.3.cnf, 75, 108, 324
r75k3q0.8c5/77.1.cnf, 75, 77, 231
r75k3q0.8c5/130.5.cnf, 75, 130, 390
r75k3q0.8c5/98.5.cnf, 75, 98, 294
r75k3q0.8c5/204.1.cnf, 75, 204, 612
r75k3q0.8c5/245.5.cnf, 75, 245, 735
r75k3q0.8c5/218.2.cnf, 75, 218, 654
r75k3q0.8c5/244.3.cnf, 75, 244, 732
r75k3q0.8c5/243.5.cnf, 75, 243, 729
r75k3q0.8c5/129.3.cnf, 75, 129, 387
r75k3q0.8c5/153.4.cnf, 75, 153, 459
r75k3q0.8c5/112.1.cnf, 75, 112, 336
r75k3q0.8c5/167.3.cnf, 75, 167, 501
r75k3q0.8c5/148.4.cnf, 75, 148, 444
r75k3q0.8c5/151.2.cnf, 75, 151, 453
r75k3q0.8c5/36.3.cnf, 75, 36, 108
r75k3q0.8c5/75.1.cnf, 75, 75, 225
r75k3q0.8c5/122.3.cnf, 75, 122, 366
r75k3q0.8c5/237.3.cnf, 75, 237, 711
r75k3q0.8c5/57.5.cnf, 75, 57, 171
r75k3q0.8c5/237.1.cnf, 75, 237, 711
r75k3q0.8c5/259.1.cnf, 75, 259, 777
r75k3q0.8c5/91.3.cnf, 75, 91, 273
r75k3q0.8c5/172.3.cnf, 75, 172, 516
r75k3q0.8c5/147.1.cnf, 75, 147, 441
r75k3q0.8c5/250.2.cnf, 75, 250, 750
r75k3q0.8c5/153.5.cnf, 75, 153, 459
r75k3q0.8c5/117.3.cnf, 75, 117, 351
r75k3q0.8c5/213.5.cnf, 75, 213, 639
r75k3q0.8c5/120.1.cnf, 75, 120, 360
r75k3q0.8c5/118.5.cnf, 75, 118, 354
r75k3q0.8c5/266.1.cnf, 75, 266, 798
r75k3q0.8c5/85.3.cnf, 75, 85, 255
r75k3q0.8c5/231.3.cnf, 75, 231, 693
r75k3q0.8c5/145.2.cnf, 75, 145, 435
r75k3q0.8c5/3.4.cnf, 75, 3, 9
r75k3q0.8c5/4.4.cnf, 75, 4, 12
r75k3q0.8c5/294.3.cnf, 75, 294, 882
r75k3q0.8c5/27.1.cnf, 75, 27, 81
r75k3q0.8c5/99.4.cnf, 75, 99, 297
r75k3q0.8c5/2.5.cnf, 75, 2, 6
r75k3q0.8c5/172.5.cnf, 75, 172, 516
r75k3q0.8c5/45.2.cnf, 75, 45, 135
r75k3q0.8c5/62.4.cnf, 75, 62, 186
r75k3q0.8c5/88.4.cnf, 75, 88, 264
r75k3q0.8c5/191.4.cnf, 75, 191, 573
r75k3q0.8c5/217.3.cnf, 75, 217, 651
r75k3q0.8c5/127.4.cnf, 75, 127, 381
r75k3q0.8c5/79.2.cnf, 75, 79, 237
r75k3q0.8c5/88.2.cnf, 75, 88, 264
r75k3q0.8c5/56.4.cnf, 75, 56, 168
r75k3q0.8c5/66.4.cnf, 75, 66, 198
r75k3q0.8c5/109.1.cnf, 75, 109, 327
r75k3q0.8c5/121.5.cnf, 75, 121, 363
r75k3q0.8c5/22.5.cnf, 75, 22, 66
r75k3q0.8c5/36.4.cnf, 75, 36, 108
r75k3q0.8c5/179.5.cnf, 75, 179, 537
r75k3q0.8c5/54.3.cnf, 75, 54, 162
r75k3q0.8c5/258.2.cnf, 75, 258, 774
r75k3q0.8c5/257.4.cnf, 75, 257, 771
r75k3q0.8c5/76.3.cnf, 75, 76, 228
r75k3q0.8c5/38.5.cnf, 75, 38, 114
r75k3q0.8c5/67.3.cnf, 75, 67, 201
r75k3q0.8c5/193.3.cnf, 75, 193, 579
r75k3q0.8c5/330.1.cnf, 75, 330, 990
r75k3q0.8c5/203.1.cnf, 75, 203, 609
r75k3q0.8c5/90.5.cnf, 75, 90, 270
r75k3q0.8c5/120.4.cnf, 75, 120, 360
r75k3q0.8c5/96.5.cnf, 75, 96, 288
r75k3q0.8c5/194.5.cnf, 75, 194, 582
r75k3q0.8c5/89.2.cnf, 75, 89, 267
r75k3q0.8c5/208.4.cnf, 75, 208, 624
r75k3q0.8c5/229.1.cnf, 75, 229, 687
r75k3q0.8c5/162.4.cnf, 75, 162, 486
r75k3q0.8c5/298.5.cnf, 75, 298, 894
r75k3q0.8c5/202.1.cnf, 75, 202, 606
r75k3q0.8c5/197.2.cnf, 75, 197, 591
r75k3q0.8c5/66.3.cnf, 75, 66, 198
r75k3q0.8c5/82.1.cnf, 75, 82, 246
r75k3q0.8c5/293.3.cnf, 75, 293, 879
r75k3q0.8c5/249.2.cnf, 75, 249, 747
r75k3q0.8c5/195.1.cnf, 75, 195, 585
r75k3q0.8c5/111.3.cnf, 75, 111, 333
r75k3q0.8c5/154.5.cnf, 75, 154, 462
r75k3q0.8c5/94.5.cnf, 75, 94, 282
r75k3q0.8c5/254.2.cnf, 75, 254, 762
r75k3q0.8c5/228.1.cnf, 75, 228, 684
r75k3q0.8c5/57.2.cnf, 75, 57, 171
r75k3q0.8c5/92.1.cnf, 75, 92, 276
r75k3q0.8c5/90.4.cnf, 75, 90, 270
r75k3q0.8c5/4.2.cnf, 75, 4, 12
r75k3q0.8c5/43.2.cnf, 75, 43, 129
r75k3q0.8c5/315.1.cnf, 75, 315, 945
r75k3q0.8c5/247.2.cnf, 75, 247, 741
r75k3q0.8c5/192.3.cnf, 75, 192, 576
r75k3q0.8c5/48.1.cnf, 75, 48, 144
r75k3q0.8c5/227.1.cnf, 75, 227, 681
r75k3q0.8c5/108.5.cnf, 75, 108, 324
r75k3q0.8c5/333.1.cnf, 75, 333, 999
r75k3q0.8c5/228.4.cnf, 75, 228, 684
r75k3q0.8c5/121.3.cnf, 75, 121, 363
r75k3q0.8c5/116.1.cnf, 75, 116, 348
r75k3q0.8c5/12.5.cnf, 75, 12, 36
r75k3q0.8c5/157.4.cnf, 75, 157, 471
r75k3q0.8c5/224.2.cnf, 75, 224, 672
r75k3q0.8c5/74.3.cnf, 75, 74, 222
r75k3q0.8c5/99.1.cnf, 75, 99, 297
r75k3q0.8c5/10.3.cnf, 75, 10, 30
r75k3q0.8c5/218.4.cnf, 75, 218, 654
r75k3q0.8c5/26.4.cnf, 75, 26, 78
r75k3q0.8c5/196.5.cnf, 75, 196, 588
r75k3q0.8c5/278.2.cnf, 75, 278, 834
r75k3q0.8c5/173.2.cnf, 75, 173, 519
r75k3q0.8c5/139.3.cnf, 75, 139, 417
r75k3q0.8c5/96.2.cnf, 75, 96, 288
r75k3q0.8c5/189.5.cnf, 75, 189, 567
r75k3q0.8c5/239.3.cnf, 75, 239, 717
r75k3q0.8c5/187.3.cnf, 75, 187, 561
r75k3q0.8c5/280.1.cnf, 75, 280, 840
r75k3q0.8c5/260.5.cnf, 75, 260, 780
r75k3q0.8c5/210.4.cnf, 75, 210, 630
r75k3q0.8c5/44.4.cnf, 75, 44, 132
r75k3q0.8c5/310.1.cnf, 75, 310, 930
r75k3q0.8c5/63.4.cnf, 75, 63, 189
r75k3q0.8c5/247.1.cnf, 75, 247, 741
r75k3q0.8c5/10.5.cnf, 75, 10, 30
r75k3q0.8c5/23.2.cnf, 75, 23, 69
r75k3q0.8c5/46.3.cnf, 75, 46, 138
r75k3q0.8c5/73.4.cnf, 75, 73, 219
r75k3q0.8c5/158.1.cnf, 75, 158, 474
r75k3q0.8c5/154.3.cnf, 75, 154, 462
r75k3q0.8c5/74.5.cnf, 75, 74, 222
r75k3q0.8c5/278.1.cnf, 75, 278, 834
r75k3q0.8c5/233.4.cnf, 75, 233, 699
r75k3q0.8c5/135.2.cnf, 75, 135, 405
r75k3q0.8c5/233.3.cnf, 75, 233, 699
r75k3q0.8c5/85.5.cnf, 75, 85, 255
r75k3q0.8c5/35.4.cnf, 75, 35, 105
r75k3q0.8c5/146.5.cnf, 75, 146, 438
r75k3q0.8c5/222.1.cnf, 75, 222, 666
r75k3q0.8c5/114.4.cnf, 75, 114, 342
r75k3q0.8c5/126.1.cnf, 75, 126, 378
r75k3q0.8c5/120.2.cnf, 75, 120, 360
r75k3q0.8c5/152.1.cnf, 75, 152, 456
r75k3q0.8c5/20.2.cnf, 75, 20, 60
r75k3q0.8c5/124.3.cnf, 75, 124, 372
r75k3q0.8c5/23.5.cnf, 75, 23, 69
r75k3q0.8c5/82.2.cnf, 75, 82, 246
r75k3q0.8c5/90.1.cnf, 75, 90, 270
r75k3q0.8c5/44.1.cnf, 75, 44, 132
r75k3q0.8c5/112.3.cnf, 75, 112, 336
r75k3q0.8c5/4.3.cnf, 75, 4, 12
r75k3q0.8c5/76.4.cnf, 75, 76, 228
r75k3q0.8c5/3.5.cnf, 75, 3, 9
r75k3q0.8c5/151.1.cnf, 75, 151, 453
r75k3q0.8c5/201.2.cnf, 75, 201, 603
r75k3q0.8c5/165.4.cnf, 75, 165, 495
r75k3q0.8c5/242.2.cnf, 75, 242, 726
r75k3q0.8c5/253.1.cnf, 75, 253, 759
r75k3q0.8c5/48.4.cnf, 75, 48, 144
r75k3q0.8c5/61.3.cnf, 75, 61, 183
r75k3q0.8c5/232.5.cnf, 75, 232, 696
r75k3q0.8c5/255.3.cnf, 75, 255, 765
r75k3q0.8c5/173.5.cnf, 75, 173, 519
r75k3q0.8c5/118.3.cnf, 75, 118, 354
r75k3q0.8c5/84.3.cnf, 75, 84, 252
r75k3q0.8c5/77.2.cnf, 75, 77, 231
r75k3q0.8c5/127.1.cnf, 75, 127, 381
r75k3q0.8c5/225.3.cnf, 75, 225, 675
r75k3q0.8c5/187.2.cnf, 75, 187, 561
r75k3q0.8c5/158.4.cnf, 75, 158, 474
r75k3q0.8c5/59.1.cnf, 75, 59, 177
r75k3q0.8c5/218.3.cnf, 75, 218, 654
r75k3q0.8c5/53.4.cnf, 75, 53, 159
r75k3q0.8c5/59.5.cnf, 75, 59, 177
r75k3q0.8c5/276.2.cnf, 75, 276, 828
r75k3q0.8c5/267.1.cnf, 75, 267, 801
r75k3q0.8c5/219.4.cnf, 75, 219, 657
r75k3q0.8c5/126.3.cnf, 75, 126, 378
r75k3q0.8c5/203.4.cnf, 75, 203, 609
r75k3q0.8c5/180.1.cnf, 75, 180, 540
r75k3q0.8c5/186.3.cnf, 75, 186, 558
r75k3q0.8c5/24.3.cnf, 75, 24, 72
r75k3q0.8c5/62.5.cnf, 75, 62, 186
r75k3q0.8c5/183.2.cnf, 75, 183, 549
r75k3q0.8c5/174.5.cnf, 75, 174, 522
r75k3q0.8c5/192.5.cnf, 75, 192, 576
r75k3q0.8c5/17.2.cnf, 75, 17, 51
r75k3q0.8c5/212.4.cnf, 75, 212, 636
r75k3q0.8c5/225.1.cnf, 75, 225, 675
r75k3q0.8c5/50.3.cnf, 75, 50, 150
r75k3q0.8c5/281.3.cnf, 75, 281, 843
r75k3q0.8c5/107.3.cnf, 75, 107, 321
r75k3q0.8c5/67.4.cnf, 75, 67, 201
r75k3q0.8c5/249.5.cnf, 75, 249, 747
r75k3q0.8c5/132.3.cnf, 75, 132, 396
r75k3q0.8c5/144.5.cnf, 75, 144, 432
r75k3q0.8c5/33.3.cnf, 75, 33, 99
r75k3q0.8c5/173.3.cnf, 75, 173, 519
r75k3q0.8c5/135.3.cnf, 75, 135, 405
r75k3q0.8c5/32.4.cnf, 75, 32, 96
r75k3q0.8c5/13.4.cnf, 75, 13, 39
r75k3q0.8c5/28.5.cnf, 75, 28, 84
r75k3q0.8c5/278.3.cnf, 75, 278, 834
r75k3q0.8c5/39.3.cnf, 75, 39, 117
r75k3q0.8c5/160.3.cnf, 75, 160, 480
r75k3q0.8c5/37.1.cnf, 75, 37, 111
r75k3q0.8c5/236.2.cnf, 75, 236, 708
r75k3q0.8c5/122.1.cnf, 75, 122, 366
r75k3q0.8c5/159.4.cnf, 75, 159, 477
r75k3q0.8c5/121.1.cnf, 75, 121, 363
r75k3q0.8c5/206.2.cnf, 75, 206, 618
r75k3q0.8c5/131.2.cnf, 75, 131, 393
r75k3q0.8c5/38.3.cnf, 75, 38, 114
r75k3q0.8c5/38.1.cnf, 75, 38, 114
r75k3q0.8c5/213.4.cnf, 75, 213, 639
r75k3q0.8c5/80.5.cnf, 75, 80, 240
r75k3q0.8c5/96.4.cnf, 75, 96, 288
r75k3q0.8c5/138.4.cnf, 75, 138, 414
r75k3q0.8c5/279.1.cnf, 75, 279, 837
r75k3q0.8c5/215.4.cnf, 75, 215, 645
r75k3q0.8c5/132.1.cnf, 75, 132, 396
r75k3q0.8c5/178.2.cnf, 75, 178, 534
r75k3q0.8c5/320.4.cnf, 75, 320, 960
r75k3q0.8c5/198.5.cnf, 75, 198, 594
r75k3q0.8c5/257.3.cnf, 75, 257, 771
r75k3q0.8c5/125.4.cnf, 75, 125, 375
r75k3q0.8c5/38.4.cnf, 75, 38, 114
r75k3q0.8c5/145.1.cnf, 75, 145, 435
r75k3q0.8c5/143.5.cnf, 75, 143, 429
r75k3q0.8c5/243.4.cnf, 75, 243, 729
r75k3q0.8c5/275.4.cnf, 75, 275, 825
r75k3q0.8c5/106.4.cnf, 75, 106, 318
r75k3q0.8c5/278.4.cnf, 75, 278, 834
r75k3q0.8c5/139.1.cnf, 75, 139, 417
r75k3q0.8c5/50.2.cnf, 75, 50, 150
r75k3q0.8c5/82.4.cnf, 75, 82, 246
r75k3q0.8c5/80.2.cnf, 75, 80, 240
r75k3q0.8c5/210.3.cnf, 75, 210, 630
r75k3q0.8c5/137.4.cnf, 75, 137, 411
r75k3q0.8c5/234.3.cnf, 75, 234, 702
r75k3q0.8c5/289.5.cnf, 75, 289, 867
r75k3q0.8c5/23.3.cnf, 75, 23, 69
r75k3q0.8c5/179.1.cnf, 75, 179, 537
r75k3q0.8c5/79.3.cnf, 75, 79, 237
r75k3q0.8c5/81.2.cnf, 75, 81, 243
r75k3q0.8c5/109.5.cnf, 75, 109, 327
r75k3q0.8c5/95.2.cnf, 75, 95, 285
r75k3q0.8c5/118.4.cnf, 75, 118, 354
r75k3q0.8c5/307.2.cnf, 75, 307, 921
r75k3q0.8c5/29.5.cnf, 75, 29, 87
r75k3q0.8c5/77.5.cnf, 75, 77, 231
r75k3q0.8c5/47.1.cnf, 75, 47, 141
r75k3q0.8c5/45.5.cnf, 75, 45, 135
r75k3q0.8c5/270.1.cnf, 75, 270, 810
r75k3q0.8c5/51.5.cnf, 75, 51, 153
r75k3q0.8c5/183.5.cnf, 75, 183, 549
r75k3q0.8c5/108.4.cnf, 75, 108, 324
r75k3q0.8c5/100.3.cnf, 75, 100, 300
r75k3q0.8c5/291.1.cnf, 75, 291, 873
r75k3q0.8c5/146.4.cnf, 75, 146, 438
r75k3q0.8c5/48.3.cnf, 75, 48, 144
r75k3q0.8c5/257.1.cnf, 75, 257, 771
r75k3q0.8c5/41.4.cnf, 75, 41, 123
r75k3q0.8c5/164.2.cnf, 75, 164, 492
r75k3q0.8c5/30.5.cnf, 75, 30, 90
r75k3q0.8c5/19.2.cnf, 75, 19, 57
r75k3q0.8c5/192.2.cnf, 75, 192, 576
r75k3q0.8c5/131.4.cnf, 75, 131, 393
r75k3q0.8c5/211.5.cnf, 75, 211, 633
r75k3q0.8c5/273.3.cnf, 75, 273, 819
r75k3q0.8c5/168.5.cnf, 75, 168, 504
r75k3q0.8c5/99.5.cnf, 75, 99, 297
r75k3q0.8c5/291.2.cnf, 75, 291, 873
r75k3q0.8c5/128.1.cnf, 75, 128, 384
r75k3q0.8c5/209.3.cnf, 75, 209, 627
r75k3q0.8c5/181.1.cnf, 75, 181, 543
r75k3q0.8c5/203.3.cnf, 75, 203, 609
r75k3q0.8c5/16.3.cnf, 75, 16, 48
r75k3q0.8c5/269.5.cnf, 75, 269, 807
r75k3q0.8c5/1.3.cnf, 75, 1, 3
r75k3q0.8c5/96.3.cnf, 75, 96, 288
r75k3q0.8c5/175.4.cnf, 75, 175, 525
r75k3q0.8c5/110.4.cnf, 75, 110, 330
r75k3q0.8c5/130.2.cnf, 75, 130, 390
r75k3q0.8c5/184.4.cnf, 75, 184, 552
r75k3q0.8c5/148.5.cnf, 75, 148, 444
r75k3q0.8c5/68.4.cnf, 75, 68, 204
r75k3q0.8c5/126.5.cnf, 75, 126, 378
r75k3q0.8c5/92.4.cnf, 75, 92, 276
r75k3q0.8c5/36.1.cnf, 75, 36, 108
r75k3q0.8c5/100.2.cnf, 75, 100, 300
r75k3q0.8c5/111.4.cnf, 75, 111, 333
r75k3q0.8c5/248.4.cnf, 75, 248, 744
r75k3q0.8c5/177.2.cnf, 75, 177, 531
r75k3q0.8c5/296.2.cnf, 75, 296, 888
r75k3q0.8c5/56.2.cnf, 75, 56, 168
r75k3q0.8c5/111.5.cnf, 75, 111, 333
r75k3q0.8c5/6.3.cnf, 75, 6, 18
r75k3q0.8c5/227.2.cnf, 75, 227, 681
r75k3q0.8c5/44.2.cnf, 75, 44, 132
r75k3q0.8c5/190.2.cnf, 75, 190, 570
r75k3q0.8c5/134.3.cnf, 75, 134, 402
r75k3q0.8c5/159.2.cnf, 75, 159, 477
r75k3q0.8c5/149.4.cnf, 75, 149, 447
r75k3q0.8c5/64.1.cnf, 75, 64, 192
r75k3q0.8c5/302.4.cnf, 75, 302, 906
r75k3q0.8c5/166.5.cnf, 75, 166, 498
r75k3q0.8c5/199.4.cnf, 75, 199, 597
r75k3q0.8c5/110.2.cnf, 75, 110, 330
r75k3q0.8c5/221.3.cnf, 75, 221, 663
r75k3q0.8c5/67.2.cnf, 75, 67, 201
r75k3q0.8c5/200.2.cnf, 75, 200, 600
r75k3q0.8c5/181.2.cnf, 75, 181, 543
r75k3q0.8c5/171.4.cnf, 75, 171, 513
r75k3q0.8c5/60.5.cnf, 75, 60, 180
r75k3q0.8c5/103.3.cnf, 75, 103, 309
r75k3q0.8c5/144.2.cnf, 75, 144, 432
r75k3q0.8c5/59.3.cnf, 75, 59, 177
r75k3q0.8c5/165.3.cnf, 75, 165, 495
r75k3q0.8c5/137.2.cnf, 75, 137, 411
r75k3q0.8c5/229.3.cnf, 75, 229, 687
r75k3q0.8c5/167.4.cnf, 75, 167, 501
r75k3q0.8c5/193.2.cnf, 75, 193, 579
r75k3q0.8c5/43.4.cnf, 75, 43, 129
r75k3q0.8c5/14.3.cnf, 75, 14, 42
r75k3q0.8c5/142.2.cnf, 75, 142, 426
r75k3q0.8c5/256.4.cnf, 75, 256, 768
r75k3q0.8c5/119.1.cnf, 75, 119, 357
r75k3q0.8c5/180.4.cnf, 75, 180, 540
r75k3q0.8c5/285.2.cnf, 75, 285, 855
r75k3q0.8c5/149.1.cnf, 75, 149, 447
r75k3q0.8c5/228.5.cnf, 75, 228, 684
r75k3q0.8c5/16.2.cnf, 75, 16, 48
r75k3q0.8c5/60.1.cnf, 75, 60, 180
r75k3q0.8c5/281.5.cnf, 75, 281, 843
r75k3q0.8c5/165.2.cnf, 75, 165, 495
r75k3q0.8c5/58.2.cnf, 75, 58, 174
r75k3q0.8c5/125.3.cnf, 75, 125, 375
r75k3q0.8c5/116.5.cnf, 75, 116, 348
r75k3q0.8c5/282.1.cnf, 75, 282, 846
r75k3q0.8c5/238.5.cnf, 75, 238, 714
r75k3q0.8c5/229.5.cnf, 75, 229, 687
r75k3q0.8c5/12.3.cnf, 75, 12, 36
r75k3q0.8c5/142.3.cnf, 75, 142, 426
r75k3q0.8c5/168.2.cnf, 75, 168, 504
r75k3q0.8c5/188.3.cnf, 75, 188, 564
r75k3q0.8c5/232.2.cnf, 75, 232, 696
r75k3q0.8c5/271.4.cnf, 75, 271, 813
r75k3q0.8c5/169.4.cnf, 75, 169, 507
r75k3q0.8c5/219.3.cnf, 75, 219, 657
r75k3q0.8c5/61.4.cnf, 75, 61, 183
r75k3q0.8c5/195.5.cnf, 75, 195, 585
r75k3q0.8c5/127.5.cnf, 75, 127, 381
r75k3q0.8c5/117.1.cnf, 75, 117, 351
r75k3q0.8c5/189.4.cnf, 75, 189, 567
r75k3q0.8c5/74.2.cnf, 75, 74, 222
r75k3q0.8c5/35.1.cnf, 75, 35, 105
r75k3q0.8c5/205.1.cnf, 75, 205, 615
r75k3q0.8c5/217.4.cnf, 75, 217, 651
r75k3q0.8c5/50.5.cnf, 75, 50, 150
r75k3q0.8c5/259.2.cnf, 75, 259, 777
r75k3q0.8c5/323.3.cnf, 75, 323, 969
r75k3q0.8c5/69.5.cnf, 75, 69, 207
r75k3q0.8c5/79.4.cnf, 75, 79, 237
r75k3q0.8c5/71.3.cnf, 75, 71, 213
r75k3q0.8c5/245.1.cnf, 75, 245, 735
r75k3q0.8c5/42.2.cnf, 75, 42, 126
r75k3q0.8c5/118.1.cnf, 75, 118, 354
r75k3q0.8c5/114.3.cnf, 75, 114, 342
r75k3q0.8c5/261.2.cnf, 75, 261, 783
r75k3q0.8c5/202.4.cnf, 75, 202, 606
r75k3q0.8c5/159.3.cnf, 75, 159, 477
r75k3q0.8c5/211.3.cnf, 75, 211, 633
r75k3q0.8c5/112.5.cnf, 75, 112, 336
r75k3q0.8c5/16.1.cnf, 75, 16, 48
r75k3q0.8c5/140.3.cnf, 75, 140, 420
r75k3q0.8c5/256.5.cnf, 75, 256, 768
r75k3q0.8c5/254.1.cnf, 75, 254, 762
r75k3q0.8c5/203.5.cnf, 75, 203, 609
r75k3q0.8c5/59.2.cnf, 75, 59, 177
r75k3q0.8c5/54.1.cnf, 75, 54, 162
r75k3q0.8c5/65.5.cnf, 75, 65, 195
r75k3q0.8c5/97.3.cnf, 75, 97, 291
r75k3q0.8c5/128.4.cnf, 75, 128, 384
r75k3q0.8c5/123.4.cnf, 75, 123, 369
r75k3q0.8c5/231.2.cnf, 75, 231, 693
r75k3q0.8c5/273.5.cnf, 75, 273, 819
r75k3q0.8c5/129.5.cnf, 75, 129, 387
r75k3q0.8c5/11.1.cnf, 75, 11, 33
r75k3q0.8c5/89.1.cnf, 75, 89, 267
r75k3q0.8c5/264.2.cnf, 75, 264, 792
r75k3q0.8c5/103.5.cnf, 75, 103, 309
r75k3q0.8c5/249.1.cnf, 75, 249, 747
r75k3q0.8c5/151.4.cnf, 75, 151, 453
r75k3q0.8c5/9.3.cnf, 75, 9, 27
r75k3q0.8c5/262.2.cnf, 75, 262, 786
r75k3q0.8c5/39.1.cnf, 75, 39, 117
r75k3q0.8c5/235.3.cnf, 75, 235, 705
r75k3q0.8c5/4.1.cnf, 75, 4, 12
r75k3q0.8c5/241.4.cnf, 75, 241, 723
r75k3q0.8c5/76.5.cnf, 75, 76, 228
r75k3q0.8c5/83.3.cnf, 75, 83, 249
r75k3q0.8c5/87.4.cnf, 75, 87, 261
r75k3q0.8c5/209.4.cnf, 75, 209, 627
r75k3q0.8c5/182.2.cnf, 75, 182, 546
r75k3q0.8c5/240.5.cnf, 75, 240, 720
r75k3q0.8c5/311.3.cnf, 75, 311, 933
r75k3q0.8c5/140.5.cnf, 75, 140, 420
r75k3q0.8c5/147.3.cnf, 75, 147, 441
r75k3q0.8c5/128.5.cnf, 75, 128, 384
r75k3q0.8c5/63.3.cnf, 75, 63, 189
r75k3q0.8c5/41.3.cnf, 75, 41, 123
r75k3q0.8c5/68.3.cnf, 75, 68, 204
r75k3q0.8c5/182.4.cnf, 75, 182, 546
r75k3q0.8c5/140.1.cnf, 75, 140, 420
r75k3q0.8c5/270.4.cnf, 75, 270, 810
r75k3q0.8c5/49.1.cnf, 75, 49, 147
r75k3q0.8c5/97.1.cnf, 75, 97, 291
r75k3q0.8c5/273.4.cnf, 75, 273, 819
r75k3q0.8c5/82.5.cnf, 75, 82, 246
r75k3q0.8c5/39.2.cnf, 75, 39, 117
r75k3q0.8c5/183.3.cnf, 75, 183, 549
r75k3q0.8c5/266.5.cnf, 75, 266, 798
r75k3q0.8c5/225.2.cnf, 75, 225, 675
r75k3q0.8c5/256.1.cnf, 75, 256, 768
r75k3q0.8c5/193.1.cnf, 75, 193, 579
r75k3q0.8c5/210.2.cnf, 75, 210, 630
r75k3q0.8c5/76.1.cnf, 75, 76, 228
r75k3q0.8c5/75.3.cnf, 75, 75, 225
r75k3q0.8c5/143.2.cnf, 75, 143, 429
r75k3q0.8c5/207.4.cnf, 75, 207, 621
r75k3q0.8c5/31.5.cnf, 75, 31, 93
r75k3q0.8c5/274.3.cnf, 75, 274, 822
r75k3q0.8c5/216.3.cnf, 75, 216, 648
r75k3q0.8c5/188.4.cnf, 75, 188, 564
r75k3q0.8c5/5.3.cnf, 75, 5, 15
r75k3q0.8c5/148.2.cnf, 75, 148, 444
r75k3q0.8c5/252.5.cnf, 75, 252, 756
r75k3q0.8c5/91.5.cnf, 75, 91, 273
r75k3q0.8c5/295.1.cnf, 75, 295, 885
r75k3q0.8c5/23.1.cnf, 75, 23, 69
r75k3q0.8c5/81.5.cnf, 75, 81, 243
r75k3q0.8c5/196.3.cnf, 75, 196, 588
r75k3q0.8c5/97.5.cnf, 75, 97, 291
r75k3q0.8c5/11.5.cnf, 75, 11, 33
r75k3q0.8c5/97.2.cnf, 75, 97, 291
r75k3q0.8c5/142.5.cnf, 75, 142, 426
r75k3q0.8c5/25.2.cnf, 75, 25, 75
r75k3q0.8c5/136.1.cnf, 75, 136, 408
r75k3q0.8c5/46.1.cnf, 75, 46, 138
r75k3q0.8c5/269.2.cnf, 75, 269, 807
r75k3q0.8c5/160.5.cnf, 75, 160, 480
r75k3q0.8c5/161.4.cnf, 75, 161, 483
r75k3q0.8c5/92.2.cnf, 75, 92, 276
r75k3q0.8c5/139.4.cnf, 75, 139, 417
r75k3q0.8c5/223.4.cnf, 75, 223, 669
r75k3q0.8c5/243.1.cnf, 75, 243, 729
r75k3q0.8c5/200.5.cnf, 75, 200, 600
r75k3q0.8c5/5.4.cnf, 75, 5, 15
r75k3q0.8c5/161.1.cnf, 75, 161, 483
r75k3q0.8c5/106.1.cnf, 75, 106, 318
r75k3q0.8c5/9.4.cnf, 75, 9, 27
r75k3q0.8c5/53.3.cnf, 75, 53, 159
r75k3q0.8c5/274.5.cnf, 75, 274, 822
r75k3q0.8c5/139.2.cnf, 75, 139, 417
r75k3q0.8c5/78.5.cnf, 75, 78, 234
r75k3q0.8c5/45.4.cnf, 75, 45, 135
r75k3q0.8c5/250.4.cnf, 75, 250, 750
r75k3q0.8c5/268.4.cnf, 75, 268, 804
r75k3q0.8c5/66.2.cnf, 75, 66, 198
r75k3q0.8c5/179.3.cnf, 75, 179, 537
r75k3q0.8c5/92.5.cnf, 75, 92, 276
r75k3q0.8c5/247.3.cnf, 75, 247, 741
r75k3q0.8c5/283.3.cnf, 75, 283, 849
r75k3q0.8c5/335.1.cnf, 75, 335, 1005
r75k3q0.8c5/231.4.cnf, 75, 231, 693
r75k3q0.8c5/21.1.cnf, 75, 21, 63
r75k3q0.8c5/161.5.cnf, 75, 161, 483
r75k3q0.8c5/121.4.cnf, 75, 121, 363
r75k3q0.8c5/172.1.cnf, 75, 172, 516
r75k3q0.8c5/61.2.cnf, 75, 61, 183
r75k3q0.8c5/190.3.cnf, 75, 190, 570
r75k3q0.8c5/170.2.cnf, 75, 170, 510
r75k3q0.8c5/191.5.cnf, 75, 191, 573
r75k3q0.8c5/264.4.cnf, 75, 264, 792
r75k3q0.8c5/53.5.cnf, 75, 53, 159
r75k3q0.8c5/177.3.cnf, 75, 177, 531
r75k3q0.8c5/183.4.cnf, 75, 183, 549
r75k3q0.8c5/24.1.cnf, 75, 24, 72
r75k3q0.8c5/116.4.cnf, 75, 116, 348
r75k3q0.8c5/214.4.cnf, 75, 214, 642
r75k3q0.8c5/27.4.cnf, 75, 27, 81
r75k3q0.8c5/349.1.cnf, 75, 349, 1047
r75k3q0.8c5/241.2.cnf, 75, 241, 723
r75k3q0.8c5/208.2.cnf, 75, 208, 624
r75k3q0.8c5/147.4.cnf, 75, 147, 441
r75k3q0.8c5/113.3.cnf, 75, 113, 339
r75k3q0.8c5/312.4.cnf, 75, 312, 936
r75k3q0.8c5/194.3.cnf, 75, 194, 582
r75k3q0.8c5/227.3.cnf, 75, 227, 681
r75k3q0.8c5/9.5.cnf, 75, 9, 27
r75k3q0.8c5/170.4.cnf, 75, 170, 510
r75k3q0.8c5/276.5.cnf, 75, 276, 828
r75k3q0.8c5/296.3.cnf, 75, 296, 888
r75k3q0.8c5/135.1.cnf, 75, 135, 405
r75k3q0.8c5/267.4.cnf, 75, 267, 801
r75k3q0.8c5/182.1.cnf, 75, 182, 546
r75k3q0.8c5/71.4.cnf, 75, 71, 213
r75k3q0.8c5/87.3.cnf, 75, 87, 261
r75k3q0.8c5/71.5.cnf, 75, 71, 213
r75k3q0.8c5/179.2.cnf, 75, 179, 537
r75k3q0.8c5/40.3.cnf, 75, 40, 120
r75k3q0.8c5/173.1.cnf, 75, 173, 519
r75k3q0.8c5/80.4.cnf, 75, 80, 240
r75k3q0.8c5/63.5.cnf, 75, 63, 189
r75k3q0.8c5/207.2.cnf, 75, 207, 621
r75k3q0.8c5/169.3.cnf, 75, 169, 507
r75k3q0.8c5/74.4.cnf, 75, 74, 222
r75k3q0.8c5/13.1.cnf, 75, 13, 39
r75k3q0.8c5/8.5.cnf, 75, 8, 24
r75k3q0.8c5/220.4.cnf, 75, 220, 660
r75k3q0.8c5/61.1.cnf, 75, 61, 183
r75k3q0.8c5/163.4.cnf, 75, 163, 489
r75k3q0.8c5/308.2.cnf, 75, 308, 924
r75k3q0.8c5/8.4.cnf, 75, 8, 24
r75k3q0.8c5/160.2.cnf, 75, 160, 480
r75k3q0.8c5/104.3.cnf, 75, 104, 312
r75k3q0.8c5/84.1.cnf, 75, 84, 252
r75k3q0.8c5/65.1.cnf, 75, 65, 195
r75k3q0.8c5/113.1.cnf, 75, 113, 339
r75k3q0.8c5/136.4.cnf, 75, 136, 408
r75k3q0.8c5/210.1.cnf, 75, 210, 630
r75k3q0.8c5/254.4.cnf, 75, 254, 762
r75k3q0.8c5/141.1.cnf, 75, 141, 423
r75k3q0.8c5/29.1.cnf, 75, 29, 87
r75k3q0.8c5/33.2.cnf, 75, 33, 99
r75k3q0.8c5/124.4.cnf, 75, 124, 372
r75k3q0.8c5/17.1.cnf, 75, 17, 51
r75k3q0.8c5/155.4.cnf, 75, 155, 465
r75k3q0.8c5/265.2.cnf, 75, 265, 795
r75k3q0.8c5/15.3.cnf, 75, 15, 45
r75k3q0.8c5/240.4.cnf, 75, 240, 720
r75k3q0.8c5/279.4.cnf, 75, 279, 837
r75k3q0.8c5/36.5.cnf, 75, 36, 108
r75k3q0.8c5/150.4.cnf, 75, 150, 450
r75k3q0.8c5/197.1.cnf, 75, 197, 591
r75k3q0.8c5/30.4.cnf, 75, 30, 90
r75k3q0.8c5/228.3.cnf, 75, 228, 684
r75k3q0.8c5/372.4.cnf, 75, 372, 1116
r75k3q0.8c5/176.1.cnf, 75, 176, 528
r75k3q0.8c5/249.4.cnf, 75, 249, 747
r75k3q0.8c5/23.4.cnf, 75, 23, 69
r75k3q0.8c5/254.3.cnf, 75, 254, 762
r75k3q0.8c5/216.1.cnf, 75, 216, 648
r75k3q0.8c5/178.3.cnf, 75, 178, 534
r75k3q0.8c5/33.4.cnf, 75, 33, 99
r75k3q0.8c5/12.1.cnf, 75, 12, 36
r75k3q0.8c5/17.5.cnf, 75, 17, 51
r75k3q0.8c5/5.2.cnf, 75, 5, 15
r75k3q0.8c5/140.4.cnf, 75, 140, 420
r75k3q0.8c5/122.2.cnf, 75, 122, 366
r75k3q0.8c5/222.5.cnf, 75, 222, 666
r75k3q0.8c5/51.3.cnf, 75, 51, 153
r75k3q0.8c5/22.4.cnf, 75, 22, 66
r75k3q0.8c5/71.1.cnf, 75, 71, 213
r75k3q0.8c5/66.1.cnf, 75, 66, 198
r75k3q0.8c5/266.2.cnf, 75, 266, 798
r75k3q0.8c5/182.3.cnf, 75, 182, 546
r75k3q0.8c5/52.1.cnf, 75, 52, 156
r75k3q0.8c5/178.5.cnf, 75, 178, 534
r75k3q0.8c5/240.1.cnf, 75, 240, 720
r75k3q0.8c5/64.3.cnf, 75, 64, 192
r75k3q0.8c5/297.4.cnf, 75, 297, 891
r75k3q0.8c5/136.2.cnf, 75, 136, 408
r75k3q0.8c5/176.4.cnf, 75, 176, 528
r75k3q0.8c5/41.1.cnf, 75, 41, 123
r75k3q0.8c5/269.4.cnf, 75, 269, 807
r75k3q0.8c5/163.5.cnf, 75, 163, 489
r75k3q0.8c5/91.4.cnf, 75, 91, 273
r75k3q0.8c5/82.3.cnf, 75, 82, 246
r75k3q0.8c5/187.4.cnf, 75, 187, 561
r75k3q0.8c5/253.2.cnf, 75, 253, 759
r75k3q0.8c5/179.4.cnf, 75, 179, 537
r75k3q0.8c5/110.3.cnf, 75, 110, 330
r75k3q0.8c5/105.5.cnf, 75, 105, 315
r75k3q0.8c5/6.1.cnf, 75, 6, 18
r75k3q0.8c5/3.1.cnf, 75, 3, 9
r75k3q0.8c5/19.4.cnf, 75, 19, 57
r75k3q0.8c5/244.4.cnf, 75, 244, 732
r75k3q0.8c5/30.3.cnf, 75, 30, 90
r75k3q0.8c5/260.1.cnf, 75, 260, 780
r75k3q0.8c5/8.2.cnf, 75, 8, 24
r75k3q0.8c5/45.3.cnf, 75, 45, 135
r75k3q0.8c5/59.4.cnf, 75, 59, 177
r75k3q0.8c5/200.4.cnf, 75, 200, 600
r75k3q0.8c5/13.5.cnf, 75, 13, 39
r75k3q0.8c5/67.5.cnf, 75, 67, 201
r75k3q0.8c5/126.2.cnf, 75, 126, 378
r75k3q0.8c5/186.5.cnf, 75, 186, 558
r75k3q0.8c5/48.5.cnf, 75, 48, 144
r75k3q0.8c5/166.2.cnf, 75, 166, 498
r75k3q0.8c5/177.4.cnf, 75, 177, 531
r75k3q0.8c5/166.3.cnf, 75, 166, 498
r75k3q0.8c5/196.1.cnf, 75, 196, 588
r75k3q0.8c5/169.1.cnf, 75, 169, 507
r75k3q0.8c5/124.1.cnf, 75, 124, 372
r75k3q0.8c5/18.1.cnf, 75, 18, 54
r75k3q0.8c5/103.1.cnf, 75, 103, 309
r75k3q0.8c5/265.1.cnf, 75, 265, 795
r75k3q0.8c5/86.5.cnf, 75, 86, 258
r75k3q0.8c5/168.3.cnf, 75, 168, 504
r75k3q0.8c5/117.2.cnf, 75, 117, 351
r75k3q0.8c5/217.5.cnf, 75, 217, 651
r75k3q0.8c5/198.2.cnf, 75, 198, 594
r75k3q0.8c5/204.3.cnf, 75, 204, 612
r75k3q0.8c5/190.5.cnf, 75, 190, 570
r75k3q0.8c5/88.1.cnf, 75, 88, 264
r75k3q0.8c5/81.3.cnf, 75, 81, 243
r75k3q0.8c5/216.5.cnf, 75, 216, 648
r75k3q0.8c5/15.2.cnf, 75, 15, 45
r75k3q0.8c5/24.2.cnf, 75, 24, 72
r75k3q0.8c5/112.4.cnf, 75, 112, 336
r75k3q0.8c5/208.3.cnf, 75, 208, 624
r75k3q0.8c5/153.1.cnf, 75, 153, 459
r75k3q0.8c5/247.4.cnf, 75, 247, 741
r75k3q0.8c5/147.5.cnf, 75, 147, 441
r75k3q0.8c5/79.1.cnf, 75, 79, 237
r75k3q0.8c5/221.1.cnf, 75, 221, 663
r75k3q0.8c5/252.3.cnf, 75, 252, 756
r75k3q0.8c5/241.1.cnf, 75, 241, 723
r75k3q0.8c5/47.3.cnf, 75, 47, 141
r75k3q0.8c5/42.3.cnf, 75, 42, 126
r75k3q0.8c5/106.2.cnf, 75, 106, 318
r75k3q0.8c5/152.3.cnf, 75, 152, 456
r75k3q0.8c5/122.4.cnf, 75, 122, 366
r75k3q0.8c5/41.2.cnf, 75, 41, 123
r75k3q0.8c5/186.4.cnf, 75, 186, 558
r75k3q0.8c5/2.4.cnf, 75, 2, 6
r75k3q0.8c5/182.5.cnf, 75, 182, 546
r75k3q0.8c5/11.2.cnf, 75, 11, 33
r75k3q0.8c5/201.5.cnf, 75, 201, 603
r75k3q0.8c5/25.1.cnf, 75, 25, 75
r75k3q0.8c5/172.4.cnf, 75, 172, 516
r75k3q0.8c5/72.2.cnf, 75, 72, 216
r75k3q0.8c5/348.5.cnf, 75, 348, 1044
r75k3q0.8c5/49.2.cnf, 75, 49, 147
r75k3q0.8c5/111.1.cnf, 75, 111, 333
r75k3q0.8c5/70.2.cnf, 75, 70, 210
r75k3q0.8c5/170.1.cnf, 75, 170, 510
r75k3q0.8c5/341.4.cnf, 75, 341, 1023
r75k3q0.8c5/132.2.cnf, 75, 132, 396
r75k3q0.8c5/32.3.cnf, 75, 32, 96
r75k3q0.8c5/181.4.cnf, 75, 181, 543
r75k3q0.8c5/115.5.cnf, 75, 115, 345
r75k3q0.8c5/255.1.cnf, 75, 255, 765
r75k3q0.8c5/262.5.cnf, 75, 262, 786
r75k3q0.8c5/123.3.cnf, 75, 123, 369
r75k3q0.8c5/171.1.cnf, 75, 171, 513
r75k3q0.8c5/40.5.cnf, 75, 40, 120
r75k3q0.8c5/226.4.cnf, 75, 226, 678
r75k3q0.8c5/271.2.cnf, 75, 271, 813
r75k3q0.8c5/114.5.cnf, 75, 114, 342
r75k3q0.8c5/168.1.cnf, 75, 168, 504
r75k3q0.8c5/202.5.cnf, 75, 202, 606
r75k3q0.8c5/119.5.cnf, 75, 119, 357
r75k3q0.8c5/101.1.cnf, 75, 101, 303
r75k3q0.8c5/141.5.cnf, 75, 141, 423
r75k3q0.8c5/250.5.cnf, 75, 250, 750
r75k3q0.8c5/286.5.cnf, 75, 286, 858
r75k3q0.8c5/249.3.cnf, 75, 249, 747
r75k3q0.8c5/273.2.cnf, 75, 273, 819
r75k3q0.8c5/160.4.cnf, 75, 160, 480
r75k3q0.8c5/138.5.cnf, 75, 138, 414
r75k3q0.8c5/214.3.cnf, 75, 214, 642
r75k3q0.8c5/50.1.cnf, 75, 50, 150
r75k3q0.8c5/64.5.cnf, 75, 64, 192
r75k3q0.8c5/259.5.cnf, 75, 259, 777
r75k3q0.8c5/170.5.cnf, 75, 170, 510
r75k3q0.8c5/216.4.cnf, 75, 216, 648
r75k3q0.8c5/75.2.cnf, 75, 75, 225
r75k3q0.8c5/115.2.cnf, 75, 115, 345
r75k3q0.8c5/101.2.cnf, 75, 101, 303
r75k3q0.8c5/134.1.cnf, 75, 134, 402
r75k3q0.8c5/45.1.cnf, 75, 45, 135
r75k3q0.8c5/69.1.cnf, 75, 69, 207
r75k3q0.8c5/259.4.cnf, 75, 259, 777
r75k3q0.8c5/16.4.cnf, 75, 16, 48
r75k3q0.8c5/235.2.cnf, 75, 235, 705
r75k3q0.8c5/5.1.cnf, 75, 5, 15
r75k3q0.8c5/219.2.cnf, 75, 219, 657
r75k3q0.8c5/277.5.cnf, 75, 277, 831
r75k3q0.8c5/245.4.cnf, 75, 245, 735
r75k3q0.8c5/201.3.cnf, 75, 201, 603
r75k3q0.8c5/218.1.cnf, 75, 218, 654
r75k3q0.8c5/90.3.cnf, 75, 90, 270
r75k3q0.8c5/250.1.cnf, 75, 250, 750
r75k3q0.8c5/295.3.cnf, 75, 295, 885
r75k3q0.8c5/262.1.cnf, 75, 262, 786
r75k3q0.8c5/51.2.cnf, 75, 51, 153
r75k3q0.8c5/295.4.cnf, 75, 295, 885
r75k3q0.8c5/219.1.cnf, 75, 219, 657
r75k3q0.8c5/162.1.cnf, 75, 162, 486
r75k3q0.8c5/28.4.cnf, 75, 28, 84
r75k3q0.8c5/145.3.cnf, 75, 145, 435
r75k3q0.8c5/167.2.cnf, 75, 167, 501
r75k3q0.8c5/52.3.cnf, 75, 52, 156
r75k3q0.8c5/195.2.cnf, 75, 195, 585
r75k3q0.8c5/156.3.cnf, 75, 156, 468
r75k3q0.8c5/264.1.cnf, 75, 264, 792
r75k3q0.8c5/168.4.cnf, 75, 168, 504
r75k3q0.8c5/289.4.cnf, 75, 289, 867
r75k3q0.8c5/148.1.cnf, 75, 148, 444
r75k3q0.8c5/107.1.cnf, 75, 107, 321
r75k3q0.8c5/157.2.cnf, 75, 157, 471
r75k3q0.8c5/7.5.cnf, 75, 7, 21
r75k3q0.8c5/298.3.cnf, 75, 298, 894
r75k3q0.8c5/214.2.cnf, 75, 214, 642
r75k3q0.8c5/251.4.cnf, 75, 251, 753
r75k3q0.8c5/43.3.cnf, 75, 43, 129
r75k3q0.8c5/4.5.cnf, 75, 4, 12
r75k3q0.8c5/145.5.cnf, 75, 145, 435
r75k3q0.8c5/260.3.cnf, 75, 260, 780
r75k3q0.8c5/175.1.cnf, 75, 175, 525
r75k3q0.8c5/42.1.cnf, 75, 42, 126
r75k3q0.8c5/131.3.cnf, 75, 131, 393
r75k3q0.8c5/175.3.cnf, 75, 175, 525
r75k3q0.8c5/296.5.cnf, 75, 296, 888
r75k3q0.8c5/5.5.cnf, 75, 5, 15
r75k3q0.8c5/174.3.cnf, 75, 174, 522
r75k3q0.8c5/109.4.cnf, 75, 109, 327
r75k3q0.8c5/162.3.cnf, 75, 162, 486
r75k3q0.8c5/223.5.cnf, 75, 223, 669
r75k3q0.8c5/144.3.cnf, 75, 144, 432
r75k3q0.8c5/75.5.cnf, 75, 75, 225
r75k3q0.8c5/225.4.cnf, 75, 225, 675
r75k3q0.8c5/21.3.cnf, 75, 21, 63
r75k3q0.8c5/95.5.cnf, 75, 95, 285
r75k3q0.8c5/176.2.cnf, 75, 176, 528
r75k3q0.8c5/209.1.cnf, 75, 209, 627
r75k3q0.8c5/199.3.cnf, 75, 199, 597
r75k3q0.8c5/206.5.cnf, 75, 206, 618
r75k3q0.8c5/212.3.cnf, 75, 212, 636
r75k3q0.8c5/85.2.cnf, 75, 85, 255
r75k3q0.8c5/69.4.cnf, 75, 69, 207
r75k3q0.8c5/26.3.cnf, 75, 26, 78
r75k3q0.8c5/230.2.cnf, 75, 230, 690
r75k3q0.8c5/294.1.cnf, 75, 294, 882
r75k3q0.8c5/16.5.cnf, 75, 16, 48
r75k3q0.8c5/198.3.cnf, 75, 198, 594
r75k3q0.8c5/197.3.cnf, 75, 197, 591
r75k3q0.8c5/28.1.cnf, 75, 28, 84
r75k3q0.8c5/199.2.cnf, 75, 199, 597
r75k3q0.8c5/64.2.cnf, 75, 64, 192
r75k3q0.8c5/205.2.cnf, 75, 205, 615
r75k3q0.8c5/68.2.cnf, 75, 68, 204
r75k3q0.8c5/165.1.cnf, 75, 165, 495
r75k3q0.8c5/211.2.cnf, 75, 211, 633
r75k3q0.8c5/105.3.cnf, 75, 105, 315
r75k3q0.8c5/109.3.cnf, 75, 109, 327
r75k3q0.8c5/291.5.cnf, 75, 291, 873
r75k3q0.8c5/61.5.cnf, 75, 61, 183
r75k3q0.8c5/198.4.cnf, 75, 198, 594
r75k3q0.8c5/330.2.cnf, 75, 330, 990
r75k3q0.8c5/2.3.cnf, 75, 2, 6
r75k3q0.8c5/151.5.cnf, 75, 151, 453
r75k3q0.8c5/25.4.cnf, 75, 25, 75
r75k3q0.8c5/191.3.cnf, 75, 191, 573
r75k3q0.8c5/60.4.cnf, 75, 60, 180
r75k3q0.8c5/86.3.cnf, 75, 86, 258
r75k3q0.8c5/190.1.cnf, 75, 190, 570
r75k3q0.8c5/222.4.cnf, 75, 222, 666
r75k3q0.8c5/127.2.cnf, 75, 127, 381
r75k3q0.8c5/173.4.cnf, 75, 173, 519
r75k3q0.8c5/2.2.cnf, 75, 2, 6
r75k3q0.8c5/284.2.cnf, 75, 284, 852
r75k3q0.8c5/98.3.cnf, 75, 98, 294
r75k3q0.8c5/239.2.cnf, 75, 239, 717
r75k3q0.8c5/209.5.cnf, 75, 209, 627
r75k3q0.8c5/149.5.cnf, 75, 149, 447
r75k3q0.8c5/123.1.cnf, 75, 123, 369
r75k3q0.8c5/171.2.cnf, 75, 171, 513
r75k3q0.8c5/20.1.cnf, 75, 20, 60
r75k3q0.8c5/73.2.cnf, 75, 73, 219
r75k3q0.8c5/187.1.cnf, 75, 187, 561
r75k3q0.8c5/217.1.cnf, 75, 217, 651
r75k3q0.8c5/133.4.cnf, 75, 133, 399
r75k3q0.8c5/32.5.cnf, 75, 32, 96
r75k3q0.8c5/164.4.cnf, 75, 164, 492
r75k3q0.8c5/137.1.cnf, 75, 137, 411
r75k3q0.8c5/236.5.cnf, 75, 236, 708
r75k3q0.8c5/231.1.cnf, 75, 231, 693
r75k3q0.8c5/117.4.cnf, 75, 117, 351
r75k3q0.8c5/118.2.cnf, 75, 118, 354
r75k3q0.8c5/185.5.cnf, 75, 185, 555
r75k3q0.8c5/273.1.cnf, 75, 273, 819
r75k3q0.8c5/75.4.cnf, 75, 75, 225
r75k3q0.8c5/35.2.cnf, 75, 35, 105
r75k3q0.8c5/73.1.cnf, 75, 73, 219
r75k3q0.8c5/150.1.cnf, 75, 150, 450
r75k3q0.8c5/152.5.cnf, 75, 152, 456
r75k3q0.8c5/40.4.cnf, 75, 40, 120
r75k3q0.8c5/54.4.cnf, 75, 54, 162
r75k3q0.8c5/58.3.cnf, 75, 58, 174
r75k3q0.8c5/83.5.cnf, 75, 83, 249
r75k3q0.8c5/56.5.cnf, 75, 56, 168
r75k3q0.8c5/18.4.cnf, 75, 18, 54
r75k3q0.8c5/91.1.cnf, 75, 91, 273
r75k3q0.8c5/84.2.cnf, 75, 84, 252
r75k3q0.8c5/274.2.cnf, 75, 274, 822
r75k3q0.8c5/188.1.cnf, 75, 188, 564
r75k3q0.8c5/167.1.cnf, 75, 167, 501
r75k3q0.8c5/94.2.cnf, 75, 94, 282
r75k3q0.8c5/240.3.cnf, 75, 240, 720
r75k3q0.8c5/115.4.cnf, 75, 115, 345
r75k3q0.8c5/51.1.cnf, 75, 51, 153
r75k3q0.8c5/264.3.cnf, 75, 264, 792
r75k3q0.8c5/7.1.cnf, 75, 7, 21
r75k3q0.8c5/70.3.cnf, 75, 70, 210
r75k3q0.8c5/127.3.cnf, 75, 127, 381
r75k3q0.8c5/29.3.cnf, 75, 29, 87
r75k3q0.8c5/125.2.cnf, 75, 125, 375
r75k3q0.8c5/191.1.cnf, 75, 191, 573
r75k3q0.8c5/72.3.cnf, 75, 72, 216
r75k3q0.8c5/142.1.cnf, 75, 142, 426
r75k3q0.8c5/26.2.cnf, 75, 26, 78
r75k3q0.8c5/134.4.cnf, 75, 134, 402
r75k3q0.8c5/133.2.cnf, 75, 133, 399
r75k3q0.8c5/219.5.cnf, 75, 219, 657
r75k3q0.8c5/55.4.cnf, 75, 55, 165
r75k3q0.8c5/235.1.cnf, 75, 235, 705
r75k3q0.8c5/166.1.cnf, 75, 166, 498
r75k3q0.8c5/270.5.cnf, 75, 270, 810
r75k3q0.8c5/248.5.cnf, 75, 248, 744
r75k3q0.8c5/263.5.cnf, 75, 263, 789
r75k3q0.8c5/28.2.cnf, 75, 28, 84
r75k3q0.8c5/324.1.cnf, 75, 324, 972
r75k3q0.8c5/184.5.cnf, 75, 184, 552
r75k3q0.8c5/218.5.cnf, 75, 218, 654
r75k3q0.8c5/93.3.cnf, 75, 93, 279
r75k3q0.8c5/150.2.cnf, 75, 150, 450
r75k3q0.8c5/181.3.cnf, 75, 181, 543
r75k3q0.8c5/140.2.cnf, 75, 140, 420
r75k3q0.8c5/69.2.cnf, 75, 69, 207
r75k3q0.8c5/22.1.cnf, 75, 22, 66
r75k3q0.8c5/254.5.cnf, 75, 254, 762
r75k3q0.8c5/3.3.cnf, 75, 3, 9
r75k3q0.8c5/174.2.cnf, 75, 174, 522
r75k3q0.8c5/158.3.cnf, 75, 158, 474
r75k3q0.8c5/268.5.cnf, 75, 268, 804
r75k3q0.8c5/63.2.cnf, 75, 63, 189
r75k3q0.8c5/94.1.cnf, 75, 94, 282
r75k3q0.8c5/238.2.cnf, 75, 238, 714
r75k3q0.8c5/300.5.cnf, 75, 300, 900
r75k3q0.8c5/304.2.cnf, 75, 304, 912
r75k3q0.8c5/115.1.cnf, 75, 115, 345
r75k3q0.8c5/72.5.cnf, 75, 72, 216
r75k3q0.8c5/93.4.cnf, 75, 93, 279
r75k3q0.8c5/84.5.cnf, 75, 84, 252
r75k3q0.8c5/60.2.cnf, 75, 60, 180
r75k3q0.8c5/276.1.cnf, 75, 276, 828
r75k3q0.8c5/133.5.cnf, 75, 133, 399
r75k3q0.8c5/156.5.cnf, 75, 156, 468
r75k3q0.8c5/209.2.cnf, 75, 209, 627
r75k3q0.8c5/244.1.cnf, 75, 244, 732
r75k3q0.8c5/227.4.cnf, 75, 227, 681
r75k3q0.8c5/143.3.cnf, 75, 143, 429
r75k3q0.8c5/213.2.cnf, 75, 213, 639
r75k3q0.8c5/279.3.cnf, 75, 279, 837
r75k3q0.8c5/205.3.cnf, 75, 205, 615
r75k3q0.8c5/112.2.cnf, 75, 112, 336
r75k3q0.8c5/143.1.cnf, 75, 143, 429
r75k3q0.8c5/214.1.cnf, 75, 214, 642
r75k3q0.8c5/283.2.cnf, 75, 283, 849
r75k3q0.8c5/78.4.cnf, 75, 78, 234
r75k3q0.8c5/146.1.cnf, 75, 146, 438
r75k3q0.8c5/314.1.cnf, 75, 314, 942
r75k3q0.8c5/189.3.cnf, 75, 189, 567
r75k3q0.8c5/46.4.cnf, 75, 46, 138
r75k3q0.8c5/24.5.cnf, 75, 24, 72
r75k3q0.8c5/206.3.cnf, 75, 206, 618
r75k3q0.8c5/224.1.cnf, 75, 224, 672
r75k3q0.8c5/50.4.cnf, 75, 50, 150
r75k3q0.8c5/63.1.cnf, 75, 63, 189
r75k3q0.8c5/55.5.cnf, 75, 55, 165
r75k3q0.8c5/132.4.cnf, 75, 132, 396
r75k3q0.8c5/40.2.cnf, 75, 40, 120
r75k3q0.8c5/197.5.cnf, 75, 197, 591
r75k3q0.8c5/215.1.cnf, 75, 215, 645
r75k3q0.8c5/215.5.cnf, 75, 215, 645
r75k3q0.8c5/302.2.cnf, 75, 302, 906
r75k3q0.8c5/212.2.cnf, 75, 212, 636
r75k3q0.8c5/101.5.cnf, 75, 101, 303
r75k3q0.8c5/35.3.cnf, 75, 35, 105
r75k3q0.8c5/10.2.cnf, 75, 10, 30
r75k3q0.8c5/143.4.cnf, 75, 143, 429
r75k3q0.8c5/3.2.cnf, 75, 3, 9
r75k3q0.8c5/106.5.cnf, 75, 106, 318
r75k3q0.8c5/327.2.cnf, 75, 327, 981
r75k3q0.8c5/145.4.cnf, 75, 145, 435
r75k3q0.8c5/185.3.cnf, 75, 185, 555
r75k3q0.8c5/31.1.cnf, 75, 31, 93
r75k3q0.8c5/83.2.cnf, 75, 83, 249
r75k3q0.8c5/49.5.cnf, 75, 49, 147
r75k3q0.8c5/156.2.cnf, 75, 156, 468
r75k3q0.8c5/11.4.cnf, 75, 11, 33
r75k3q0.8c5/14.2.cnf, 75, 14, 42
r75k3q0.8c5/181.5.cnf, 75, 181, 543
r75k3q0.8c5/92.3.cnf, 75, 92, 276
r75k3q0.8c5/255.4.cnf, 75, 255, 765
r75k3q0.8c5/155.5.cnf, 75, 155, 465
r75k3q0.8c5/98.2.cnf, 75, 98, 294
r75k3q0.8c5/248.1.cnf, 75, 248, 744
r75k3q0.8c5/18.3.cnf, 75, 18, 54
r75k3q0.8c5/98.4.cnf, 75, 98, 294
r75k3q0.8c5/97.4.cnf, 75, 97, 291
r75k3q0.8c5/164.1.cnf, 75, 164, 492
r75k3q0.8c5/227.5.cnf, 75, 227, 681
r75k3q0.8c5/239.5.cnf, 75, 239, 717
r75k3q0.8c5/248.2.cnf, 75, 248, 744
r75k3q0.8c5/65.2.cnf, 75, 65, 195
r75k3q0.8c5/174.4.cnf, 75, 174, 522
r75k3q0.8c5/116.3.cnf, 75, 116, 348
r75k3q0.8c5/70.1.cnf, 75, 70, 210
r75k3q0.8c5/15.4.cnf, 75, 15, 45
r75k3q0.8c5/144.4.cnf, 75, 144, 432
r75k3q0.8c5/70.5.cnf, 75, 70, 210
r75k3q0.8c5/237.5.cnf, 75, 237, 711
r75k3q0.8c5/222.3.cnf, 75, 222, 666
r75k3q0.8c5/44.5.cnf, 75, 44, 132
r75k3q0.8c5/85.4.cnf, 75, 85, 255
r75k3q0.8c5/31.2.cnf, 75, 31, 93
r75k3q0.8c5/85.1.cnf, 75, 85, 255
r75k3q0.8c5/129.2.cnf, 75, 129, 387
r75k3q0.8c5/46.2.cnf, 75, 46, 138
r75k3q0.8c5/39.5.cnf, 75, 39, 117
r75k3q0.8c5/124.5.cnf, 75, 124, 372
r75k3q0.8c5/216.2.cnf, 75, 216, 648
r75k3q0.8c5/176.3.cnf, 75, 176, 528
r75k3q0.8c5/134.5.cnf, 75, 134, 402
r75k3q0.8c5/246.5.cnf, 75, 246, 738
r75k3q0.8c5/195.3.cnf, 75, 195, 585
r75k3q0.8c5/78.1.cnf, 75, 78, 234
r75k3q0.8c5/132.5.cnf, 75, 132, 396
r75k3q0.8c5/62.2.cnf, 75, 62, 186
r75k3q0.8c5/169.5.cnf, 75, 169, 507
r75k3q0.8c5/224.3.cnf, 75, 224, 672
r75k3q0.8c5/146.2.cnf, 75, 146, 438
r75k3q0.8c5/94.4.cnf, 75, 94, 282
r75k3q0.8c5/138.2.cnf, 75, 138, 414
r75k3q0.8c5/36.2.cnf, 75, 36, 108
r75k3q0.8c5/133.1.cnf, 75, 133, 399
r75k3q0.8c5/84.4.cnf, 75, 84, 252
r75k3q0.8c5/208.5.cnf, 75, 208, 624
r75k3q0.8c5/226.5.cnf, 75, 226, 678
r75k3q0.8c5/99.3.cnf, 75, 99, 297
r75k3q0.8c5/162.2.cnf, 75, 162, 486
r75k3q0.8c5/221.4.cnf, 75, 221, 663
r75k3q0.8c5/191.2.cnf, 75, 191, 573
r75k3q0.8c5/25.3.cnf, 75, 25, 75
r75k3q0.8c5/187.5.cnf, 75, 187, 561
r75k3q0.8c5/1.4.cnf, 75, 1, 3
r75k3q0.8c5/288.4.cnf, 75, 288, 864
r75k3q0.8c5/261.1.cnf, 75, 261, 783
r75k3q0.8c5/89.3.cnf, 75, 89, 267
r75k3q0.8c5/163.2.cnf, 75, 163, 489
r75k3q0.8c5/110.5.cnf, 75, 110, 330
r75k3q0.8c5/208.1.cnf, 75, 208, 624
r75k3q0.8c5/131.1.cnf, 75, 131, 393
r75k3q0.8c5/104.2.cnf, 75, 104, 312
r75k3q0.8c5/119.4.cnf, 75, 119, 357
r75k3q0.8c5/277.2.cnf, 75, 277, 831
r75k3q0.8c5/231.5.cnf, 75, 231, 693
r75k3q0.8c5/1.1.cnf, 75, 1, 3
r75k3q0.8c5/180.3.cnf, 75, 180, 540
r75k3q0.8c5/15.1.cnf, 75, 15, 45
r75k3q0.8c5/165.5.cnf, 75, 165, 495
r75k3q0.8c5/184.2.cnf, 75, 184, 552
r75k3q0.8c5/53.1.cnf, 75, 53, 159
r75k3q0.8c5/332.5.cnf, 75, 332, 996
r75k3q0.8c5/175.5.cnf, 75, 175, 525
r75k3q0.8c5/29.4.cnf, 75, 29, 87
r75k3q0.8c5/309.4.cnf, 75, 309, 927
r75k3q0.8c5/104.4.cnf, 75, 104, 312
r75k3q0.8c5/14.1.cnf, 75, 14, 42
r75k3q0.8c5/47.5.cnf, 75, 47, 141
r75k3q0.8c5/186.1.cnf, 75, 186, 558
r75k3q0.8c5/110.1.cnf, 75, 110, 330
r75k3q0.8c5/159.5.cnf, 75, 159, 477
r75k3q0.8c5/282.5.cnf, 75, 282, 846
r75k3q0.8c5/306.4.cnf, 75, 306, 918
r75k3q0.8c5/55.3.cnf, 75, 55, 165
r75k3q0.8c5/96.1.cnf, 75, 96, 288
r75k3q0.8c5/276.3.cnf, 75, 276, 828
r75k3q0.8c5/72.4.cnf, 75, 72, 216
r75k3q0.8c5/81.1.cnf, 75, 81, 243
r75k3q0.8c5/14.4.cnf, 75, 14, 42
r75k3q0.8c5/83.1.cnf, 75, 83, 249
r75k3q0.8c5/39.4.cnf, 75, 39, 117
r75k3q0.8c5/252.1.cnf, 75, 252, 756
r75k3q0.8c5/69.3.cnf, 75, 69, 207
r75k3q0.8c5/136.5.cnf, 75, 136, 408
r75k3q0.8c5/121.2.cnf, 75, 121, 363
r75k3q0.8c5/205.5.cnf, 75, 205, 615
r75k3q0.8c5/54.2.cnf, 75, 54, 162
r75k3q0.8c5/101.4.cnf, 75, 101, 303
r75k3q0.8c5/141.4.cnf, 75, 141, 423
r75k3q0.8c5/98.1.cnf, 75, 98, 294
r75k3q0.8c5/261.4.cnf, 75, 261, 783
r75k3q0.8c5/188.2.cnf, 75, 188, 564
r75k3q0.8c5/287.2.cnf, 75, 287, 861
r75k3q0.8c5/20.4.cnf, 75, 20, 60
r75k3q0.8c5/73.3.cnf, 75, 73, 219
r75k3q0.8c5/52.5.cnf, 75, 52, 156
r75k3q0.8c5/57.4.cnf, 75, 57, 171
r75k3q0.8c5/76.2.cnf, 75, 76, 228
r75k3q0.8c5/41.5.cnf, 75, 41, 123
r75k3q0.8c5/54.5.cnf, 75, 54, 162
r75k3q0.8c5/290.2.cnf, 75, 290, 870
r75k3q0.8c5/20.3.cnf, 75, 20, 60
r75k3q0.8c5/56.1.cnf, 75, 56, 168
r75k3q0.8c5/235.4.cnf, 75, 235, 705
r75k3q0.8c5/49.3.cnf, 75, 49, 147
r75k3q0.8c5/108.1.cnf, 75, 108, 324
r75k3q0.8c5/46.5.cnf, 75, 46, 138
r75k3q0.8c5/282.3.cnf, 75, 282, 846
r75k3q0.8c5/13.2.cnf, 75, 13, 39
r75k3q0.8c5/234.5.cnf, 75, 234, 702
r75k3q0.8c5/74.1.cnf, 75, 74, 222
r75k3q0.8c5/68.1.cnf, 75, 68, 204
r75k3q0.8c5/280.3.cnf, 75, 280, 840
r75k3q0.8c5/175.2.cnf, 75, 175, 525
r75k3q0.8c5/35.5.cnf, 75, 35, 105
r75k3q0.8c5/223.3.cnf, 75, 223, 669
r75k3q0.8c5/83.4.cnf, 75, 83, 249
r75k3q0.8c5/71.2.cnf, 75, 71, 213
r75k3q0.8c5/141.2.cnf, 75, 141, 423
r75k3q0.8c5/203.2.cnf, 75, 203, 609
r75k3q0.8c5/58.1.cnf, 75, 58, 174
r75k3q0.8c5/10.4.cnf, 75, 10, 30
r75k3q0.8c5/276.4.cnf, 75, 276, 828
r75k3q0.8c5/305.4.cnf, 75, 305, 915
r75k3q0.8c5/207.3.cnf, 75, 207, 621
r75k3q0.8c5/237.4.cnf, 75, 237, 711
r75k3q0.8c5/19.3.cnf, 75, 19, 57
r75k3q0.8c5/156.1.cnf, 75, 156, 468
r75k3q0.8c5/128.2.cnf, 75, 128, 384
r75k3q0.8c5/189.2.cnf, 75, 189, 567
r75k3q0.8c5/131.5.cnf, 75, 131, 393
r75k3q0.8c5/116.2.cnf, 75, 116, 348
r75k3q0.8c5/222.2.cnf, 75, 222, 666
r75k3q0.8c5/95.3.cnf, 75, 95, 285
r75k3q0.8c5/101.3.cnf, 75, 101, 303
r75k3q0.8c5/202.3.cnf, 75, 202, 606
r75k3q0.8c5/232.4.cnf, 75, 232, 696
r75k3q0.8c5/172.2.cnf, 75, 172, 516
r75k3q0.8c5/126.4.cnf, 75, 126, 378
r75k3q0.8c5/100.5.cnf, 75, 100, 300
r75k3q0.8c5/205.4.cnf, 75, 205, 615
r75k3q0.8c5/245.3.cnf, 75, 245, 735
r75k3q0.8c5/234.1.cnf, 75, 234, 702
r75k3q0.8c5/167.5.cnf, 75, 167, 501
r75k3q0.8c5/178.1.cnf, 75, 178, 534
r75k3q0.8c5/14.5.cnf, 75, 14, 42
r75k3q0.8c5/242.5.cnf, 75, 242, 726
r75k3q0.8c5/93.1.cnf, 75, 93, 279
r75k3q0.8c5/213.1.cnf, 75, 213, 639
r75k3q0.8c5/150.3.cnf, 75, 150, 450
r75k3q0.8c5/152.2.cnf, 75, 152, 456
r75k3q0.8c5/292.4.cnf, 75, 292, 876
r75k3q0.8c5/15.5.cnf, 75, 15, 45
r75k3q0.8c5/115.3.cnf, 75, 115, 345
r75k3q0.8c5/271.5.cnf, 75, 271, 813
r75k3q0.8c5/104.5.cnf, 75, 104, 312
r75k3q0.8c5/170.3.cnf, 75, 170, 510
r75k3q0.8c5/64.4.cnf, 75, 64, 192
r75k3q0.8c5/125.5.cnf, 75, 125, 375
r75k3q0.8c5/123.2.cnf, 75, 123, 369
r75k3q0.8c5/342.3.cnf, 75, 342, 1026
r75k3q0.8c5/130.4.cnf, 75, 130, 390
r75k3q0.8c5/62.3.cnf, 75, 62, 186
r75k3q0.8c5/285.4.cnf, 75, 285, 855
r75k3q0.8c5/51.4.cnf, 75, 51, 153
r75k3q0.8c5/166.4.cnf, 75, 166, 498
r75k3q0.8c5/104.1.cnf, 75, 104, 312
r75k3q0.8c5/278.5.cnf, 75, 278, 834
r75k3q0.8c5/183.1.cnf, 75, 183, 549
r75k3q0.8c5/241.3.cnf, 75, 241, 723
r75k3q0.8c5/108.2.cnf, 75, 108, 324
r75k3q0.8c5/19.1.cnf, 75, 19, 57
r75k3q0.8c5/251.1.cnf, 75, 251, 753
r75k3q0.8c5/280.2.cnf, 75, 280, 840
r75k3q0.8c5/226.1.cnf, 75, 226, 678
r75k3q0.8c5/163.1.cnf, 75, 163, 489
r75k3q0.8c5/289.2.cnf, 75, 289, 867
r75k3q0.8c5/65.3.cnf, 75, 65, 195
r75k3q0.8c5/30.1.cnf, 75, 30, 90
r75k3q0.8c5/99.2.cnf, 75, 99, 297
r75k3q0.8c5/240.2.cnf, 75, 240, 720
r75k3q0.8c5/18.5.cnf, 75, 18, 54
r75k3q0.8c5/22.2.cnf, 75, 22, 66
r75k3q0.8c5/159.1.cnf, 75, 159, 477
r75k3q0.8c5/235.5.cnf, 75, 235, 705
r75k3q0.8c5/150.5.cnf, 75, 150, 450
r75k3q0.8c5/318.2.cnf, 75, 318, 954
r75k3q0.8c5/156.4.cnf, 75, 156, 468
r75k3q0.8c5/160.1.cnf, 75, 160, 480
r75k3q0.8c5/124.2.cnf, 75, 124, 372
r75k3q0.8c5/7.2.cnf, 75, 7, 21
r75k3q0.8c5/184.1.cnf, 75, 184, 552
r75k3q0.8c5/211.1.cnf, 75, 211, 633
r75k3q0.8c5/155.3.cnf, 75, 155, 465
r75k3q0.8c5/258.1.cnf, 75, 258, 774
r75k3q0.8c5/266.4.cnf, 75, 266, 798
r75k3q0.8c5/52.4.cnf, 75, 52, 156
r75k3q0.8c5/185.1.cnf, 75, 185, 555
r75k3q0.8c5/192.1.cnf, 75, 192, 576
r75k3q0.8c5/199.5.cnf, 75, 199, 597
r75k3q0.8c5/1.2.cnf, 75, 1, 3
r75k3q0.8c5/201.1.cnf, 75, 201, 603
r75k3q0.8c5/37.3.cnf, 75, 37, 111
r75k3q0.8c5/128.3.cnf, 75, 128, 384
r75k3q0.8c5/113.5.cnf, 75, 113, 339
r75k3q0.8c5/174.1.cnf, 75, 174, 522
r75k3q0.8c5/211.4.cnf, 75, 211, 633
r75k3q0.8c5/91.2.cnf, 75, 91, 273
r75k3q0.8c5/164.5.cnf, 75, 164, 492
r75k3q0.8c5/232.1.cnf, 75, 232, 696
r75k3q0.8c5/58.4.cnf, 75, 58, 174
r75k3q0.8c5/18.2.cnf, 75, 18, 54
r75k3q0.8c5/147.2.cnf, 75, 147, 441
r75k3q0.8c5/78.3.cnf, 75, 78, 234
r75k3q0.8c5/226.2.cnf, 75, 226, 678
r75k3q0.8c5/185.4.cnf, 75, 185, 555
r75k3q0.8c5/95.1.cnf, 75, 95, 285
r75k3q0.8c5/207.1.cnf, 75, 207, 621
r75k3q0.8c5/21.2.cnf, 75, 21, 63
r75k3q0.8c5/196.2.cnf, 75, 196, 588
r75k3q0.8c5/120.5.cnf, 75, 120, 360
r75k3q0.8c5/1.5.cnf, 75, 1, 3
r75k3q0.8c5/157.5.cnf, 75, 157, 471
r75k3q0.8c5/7.4.cnf, 75, 7, 21
r75k3q0.8c5/248.3.cnf, 75, 248, 744
r75k3q0.8c5/171.3.cnf, 75, 171, 513
