file, #m, log2(#m)
r75k3q0.3c8/28.4.cnf, 814755009882495123456, 69.4649282157886
r75k3q0.3c8/51.2.cnf, 62644654597115445248, 65.76382521399931
r75k3q0.3c8/38.2.cnf, 259828565396444676096, 67.81612194627878
r75k3q0.3c8/136.2.cnf, 300757790266803, 48.09559543518012
r75k3q0.3c8/59.5.cnf, 22087749838718234624, 64.25988025632569
r75k3q0.3c8/79.1.cnf, 796194973315611264, 59.46589937625578
r75k3q0.3c8/69.3.cnf, 2425109915663331328, 61.07275584545321
r75k3q0.3c8/108.3.cnf, 10780433871757320, 53.259264760484555
r75k3q0.3c8/299.4.cnf, 2110, 11.043027283594547
r75k3q0.3c8/280.4.cnf, 122883, 16.906925817225467
r75k3q0.3c8/19.2.cnf, 3412321668848316055552, 71.53124364403243
r75k3q0.3c8/276.1.cnf, 84676, 16.36966549919651
r75k3q0.3c8/277.5.cnf, 9634, 13.233919208586977
r75k3q0.3c8/181.3.cnf, 1638249776876, 40.5752924738863
r75k3q0.3c8/107.1.cnf, 29793505740426944, 54.72584741072621
r75k3q0.3c8/259.5.cnf, 5771082, 22.46041039940676
r75k3q0.3c8/185.3.cnf, 643805999022, 39.22783506375608
r75k3q0.3c8/297.4.cnf, 12, 3.584962500721156
r75k3q0.3c8/119.1.cnf, 2089195165007566, 50.891868693330025
r75k3q0.3c8/266.4.cnf, 1585325, 20.596347200114085
r75k3q0.3c8/307.5.cnf, 88796, 16.43820706839803
r75k3q0.3c8/247.3.cnf, 107414015, 26.678607002439588
r75k3q0.3c8/93.4.cnf, 227962121814115808, 57.66157173918251
r75k3q0.3c8/321.2.cnf, 2694, 11.395534135462302
r75k3q0.3c8/33.5.cnf, 552803619688983560192, 68.9053289600911
r75k3q0.3c8/43.3.cnf, 89922472234841014272, 66.28531550291956
r75k3q0.3c8/163.3.cnf, 28128228745634, 44.677083941526206
r75k3q0.3c8/322.1.cnf, 1258, 10.296916206879288
r75k3q0.3c8/231.3.cnf, 642563562, 29.259263930987604
r75k3q0.3c8/168.2.cnf, 3770759236370, 41.777992175740515
r75k3q0.3c8/74.4.cnf, 1322001992842727552, 60.19743005960039
r75k3q0.3c8/117.2.cnf, 2743746909867370, 51.28506883313054
r75k3q0.3c8/242.3.cnf, 67745420, 26.013620079067167
r75k3q0.3c8/84.2.cnf, 375728485829301504, 58.38246811103655
r75k3q0.3c8/218.1.cnf, 31786105167, 34.88767719905512
r75k3q0.3c8/259.2.cnf, 3140026, 21.582345074274123
r75k3q0.3c8/173.4.cnf, 5545216935342, 42.33438104004888
r75k3q0.3c8/150.1.cnf, 28877553219624, 44.71501374212312
r75k3q0.3c8/14.5.cnf, 5708277343320014848000, 72.2735454241743
r75k3q0.3c8/135.5.cnf, 328569249767528, 48.22319079567464
r75k3q0.3c8/292.4.cnf, 22600, 14.464035152189913
r75k3q0.3c8/24.3.cnf, 1268557941363965952000, 70.10367940861462
r75k3q0.3c8/212.4.cnf, 1875293698, 30.80446941411015
r75k3q0.3c8/175.5.cnf, 1755104253774, 40.67469386828677
r75k3q0.3c8/34.1.cnf, 455077201487704621056, 68.62467320955432
r75k3q0.3c8/119.2.cnf, 8677238778498050, 52.94615745280971
r75k3q0.3c8/102.2.cnf, 45712497957229400, 55.34343817529422
r75k3q0.3c8/55.4.cnf, 36763046670166106112, 64.9948901351507
r75k3q0.3c8/200.3.cnf, 34019729801, 34.98565263142973
r75k3q0.3c8/65.2.cnf, 11995455012326258688, 63.37912168592486
r75k3q0.3c8/234.4.cnf, 267387107, 27.99435466164459
r75k3q0.3c8/149.5.cnf, 42476705983101, 45.271737124769444
r75k3q0.3c8/15.1.cnf, 4770876830334006067200, 72.01474443339822
r75k3q0.3c8/245.3.cnf, 214307878, 27.675109643843314
r75k3q0.3c8/180.3.cnf, 341378361769, 38.312580659953554
r75k3q0.3c8/256.1.cnf, 54319416, 25.694964633145563
r75k3q0.3c8/326.2.cnf, 560, 9.129283016944967
r75k3q0.3c8/171.1.cnf, 2181176291599, 40.98824351786
r75k3q0.3c8/305.5.cnf, 288, 8.169925001442312
r75k3q0.3c8/267.2.cnf, 1730387, 20.72266330114101
r75k3q0.3c8/126.5.cnf, 505935819014140, 48.84594771045175
r75k3q0.3c8/259.3.cnf, 316065, 18.269861759213814
r75k3q0.3c8/265.5.cnf, 8622785, 23.039722477706345
r75k3q0.3c8/199.5.cnf, 38408413383, 35.16070331753939
r75k3q0.3c8/177.2.cnf, 1752176849620, 40.672285534131674
r75k3q0.3c8/262.1.cnf, 90310, 16.462598125302463
r75k3q0.3c8/102.4.cnf, 23028956982662000, 54.35429858890229
r75k3q0.3c8/60.5.cnf, 10437131496009981952, 63.17835906408594
r75k3q0.3c8/47.5.cnf, 81889832572633415680, 66.15031814107999
r75k3q0.3c8/204.4.cnf, 67840801468, 35.98143416280597
r75k3q0.3c8/70.3.cnf, 1427961637571419136, 60.30866292961622
r75k3q0.3c8/80.1.cnf, 575115518536556576, 58.99662938006585
r75k3q0.3c8/209.4.cnf, 4168120396, 31.95674980439624
r75k3q0.3c8/296.5.cnf, 155480, 17.24636948722656
r75k3q0.3c8/292.1.cnf, 1660, 10.696967526234287
r75k3q0.3c8/10.4.cnf, 9926465003480602902528, 73.07177003164422
r75k3q0.3c8/184.2.cnf, 385719713830, 38.48876192661635
r75k3q0.3c8/20.2.cnf, 2218802236633399689216, 70.91027107750035
r75k3q0.3c8/88.4.cnf, 248264787582295328, 57.7846572657281
r75k3q0.3c8/110.4.cnf, 18991425600976256, 54.076197724383626
r75k3q0.3c8/100.3.cnf, 61154918127962264, 55.7633180443177
r75k3q0.3c8/98.2.cnf, 122213205557797880, 56.76217779483276
r75k3q0.3c8/1.1.cnf, 33056565380087516495872, 74.8073549220576
r75k3q0.3c8/212.3.cnf, 11316723789, 33.39773730479323
r75k3q0.3c8/140.5.cnf, 214634702028948, 47.60887667757276
r75k3q0.3c8/287.2.cnf, 312, 8.285402218862249
r75k3q0.3c8/28.5.cnf, 738530507864024285184, 69.32321941607658
r75k3q0.3c8/51.3.cnf, 38140734835386220544, 65.04796644234577
r75k3q0.3c8/38.3.cnf, 192225148156659105792, 67.38135898904896
r75k3q0.3c8/61.1.cnf, 13669630425306103808, 63.56760804135721
r75k3q0.3c8/48.1.cnf, 70712440623958327296, 65.93859785732279
r75k3q0.3c8/229.4.cnf, 285908439, 28.090977962921595
r75k3q0.3c8/106.3.cnf, 12723984060906524, 53.49839998795228
r75k3q0.3c8/69.4.cnf, 2095880267153690624, 60.862262009333776
r75k3q0.3c8/300.4.cnf, 10194, 13.315432637905376
r75k3q0.3c8/261.4.cnf, 136131, 17.054636111841667
r75k3q0.3c8/79.2.cnf, 1185070201775046384, 60.03967823271026
r75k3q0.3c8/290.5.cnf, 203157, 17.63223554952169
r75k3q0.3c8/159.2.cnf, 5685185891493, 42.370344661090506
r75k3q0.3c8/296.1.cnf, 1289, 10.332036548361652
r75k3q0.3c8/7.3.cnf, 14186843229375327895552, 73.5869716928485
r75k3q0.3c8/19.3.cnf, 2933812623975225753600, 71.31326672489536
r75k3q0.3c8/187.3.cnf, 297179056276, 38.112541489141385
r75k3q0.3c8/29.1.cnf, 651555923162860355584, 69.14245090863159
r75k3q0.3c8/103.3.cnf, 25039786039273024, 54.47507175293644
r75k3q0.3c8/250.5.cnf, 6824630, 22.70231940119771
r75k3q0.3c8/232.5.cnf, 487908964, 28.862036748203273
r75k3q0.3c8/298.4.cnf, 13658, 13.737458618570459
r75k3q0.3c8/232.3.cnf, 93075006, 26.471890468290418
r75k3q0.3c8/282.2.cnf, 1286835, 20.29539565012263
r75k3q0.3c8/176.5.cnf, 637253685906, 39.21307685665017
r75k3q0.3c8/339.4.cnf, 2660, 11.377210530388552
r75k3q0.3c8/127.1.cnf, 1009299486757888, 49.84227574835022
r75k3q0.3c8/175.3.cnf, 1508908743145, 40.45664269481562
r75k3q0.3c8/237.1.cnf, 7593980405, 32.82220913031411
r75k3q0.3c8/164.1.cnf, 6655582889929, 42.59770216024529
r75k3q0.3c8/143.4.cnf, 149221962603126, 47.08445321660848
r75k3q0.3c8/112.2.cnf, 5068401583449951, 52.17045226102888
r75k3q0.3c8/226.2.cnf, 4217423112, 31.97371462091109
r75k3q0.3c8/200.1.cnf, 204386707433, 37.572510415456854
r75k3q0.3c8/206.2.cnf, 2259184758, 31.073155114336892
r75k3q0.3c8/2.4.cnf, 28924494707576576933888, 74.61470984411521
r75k3q0.3c8/93.5.cnf, 107111826507541328, 56.57189539384385
r75k3q0.3c8/184.3.cnf, 311664348588, 38.18120217768812
r75k3q0.3c8/252.2.cnf, 108021646, 26.686745196003987
r75k3q0.3c8/144.1.cnf, 121360796061198, 46.78629578245104
r75k3q0.3c8/138.5.cnf, 776709289690716, 49.464368049578056
r75k3q0.3c8/43.4.cnf, 123892508241680138240, 66.74765084834637
r75k3q0.3c8/190.1.cnf, 657097513334, 39.25731652627854
r75k3q0.3c8/303.2.cnf, 6244, 12.608254821977908
r75k3q0.3c8/270.2.cnf, 526076, 19.00491170913074
r75k3q0.3c8/126.1.cnf, 576517309613528, 49.0343572530715
r75k3q0.3c8/74.5.cnf, 3141870430017204160, 61.44632939343403
r75k3q0.3c8/270.4.cnf, 374778, 18.51567674167497
r75k3q0.3c8/84.3.cnf, 358096713639124998, 58.31312689175954
r75k3q0.3c8/94.1.cnf, 172737950258444640, 57.26136268862659
r75k3q0.3c8/270.1.cnf, 1377814, 20.39394971180081
r75k3q0.3c8/273.2.cnf, 7094304, 22.75822972224958
r75k3q0.3c8/285.2.cnf, 29466, 14.846763607916467
r75k3q0.3c8/201.2.cnf, 798066767, 29.571934207790115
r75k3q0.3c8/24.4.cnf, 1432786297665915715584, 70.27931343804156
r75k3q0.3c8/209.5.cnf, 5577718824, 32.37702806310236
r75k3q0.3c8/224.5.cnf, 8408821268, 32.96925643449102
r75k3q0.3c8/34.2.cnf, 345234873206660136960, 68.22614010056415
r75k3q0.3c8/55.5.cnf, 47867795950936129536, 65.37568918226499
r75k3q0.3c8/65.3.cnf, 5296021662987128832, 62.19961473136769
r75k3q0.3c8/142.5.cnf, 226248357409856, 47.68490064651833
r75k3q0.3c8/256.5.cnf, 623941, 19.251050088409396
r75k3q0.3c8/245.5.cnf, 3059686876, 31.5107368711014
r75k3q0.3c8/75.1.cnf, 2677434154261931008, 61.215556803400766
r75k3q0.3c8/235.2.cnf, 70880240, 26.07888015306812
r75k3q0.3c8/15.2.cnf, 4904182605247986794496, 72.05450269082746
r75k3q0.3c8/223.2.cnf, 2006641453, 30.902135712744904
r75k3q0.3c8/212.1.cnf, 13885352357, 33.69284473656308
r75k3q0.3c8/116.4.cnf, 1598036068727784, 50.50522139452217
r75k3q0.3c8/148.5.cnf, 91863411453054, 46.38455559422298
r75k3q0.3c8/284.1.cnf, 580, 9.179909090014934
r75k3q0.3c8/203.2.cnf, 52412167213, 35.60918271369385
r75k3q0.3c8/306.3.cnf, 44, 5.459431618637297
r75k3q0.3c8/202.1.cnf, 17645445325, 34.0385767893093
r75k3q0.3c8/56.1.cnf, 13191971167722135552, 63.51629395360738
r75k3q0.3c8/185.2.cnf, 85393878168, 36.313413596550326
r75k3q0.3c8/248.3.cnf, 26240942, 24.64531617511018
r75k3q0.3c8/110.1.cnf, 9567753956319312, 53.08710171308035
r75k3q0.3c8/350.4.cnf, 14, 3.807354922057604
r75k3q0.3c8/210.5.cnf, 6920354044, 32.688198701740916
r75k3q0.3c8/170.2.cnf, 6110048944480, 42.474321075431426
r75k3q0.3c8/228.1.cnf, 128999351, 26.942788566519237
r75k3q0.3c8/242.5.cnf, 2874032, 21.454644694440333
r75k3q0.3c8/204.3.cnf, 142276233698, 37.049903733105154
r75k3q0.3c8/321.5.cnf, 930, 9.861086905995395
r75k3q0.3c8/277.3.cnf, 1792616, 20.773635047922173
r75k3q0.3c8/320.5.cnf, 2316, 11.177419537989236
r75k3q0.3c8/108.4.cnf, 20284275867938025, 54.171211318628
r75k3q0.3c8/153.4.cnf, 64959274563569, 45.884600754769004
r75k3q0.3c8/140.3.cnf, 322015556637620, 48.19412371534003
r75k3q0.3c8/70.4.cnf, 3695350147318962688, 61.68041677920924
r75k3q0.3c8/255.2.cnf, 22072961, 24.395776838617437
r75k3q0.3c8/80.2.cnf, 906579069147839424, 59.65321046614096
r75k3q0.3c8/20.3.cnf, 2704149797979291648000, 71.19566506541443
r75k3q0.3c8/207.4.cnf, 1120209768, 30.06112176744462
r75k3q0.3c8/10.5.cnf, 9731828434784904806400, 73.04320087944745
r75k3q0.3c8/88.5.cnf, 116732680565692864, 56.69598612862602
r75k3q0.3c8/247.2.cnf, 178568236, 27.41190023350643
r75k3q0.3c8/98.3.cnf, 83197552535353360, 56.20739060669585
r75k3q0.3c8/30.1.cnf, 769920761114027622400, 69.38327187156736
r75k3q0.3c8/169.5.cnf, 4792798115213, 42.12400530991855
r75k3q0.3c8/139.2.cnf, 125075872284072, 46.829796842200956
r75k3q0.3c8/38.4.cnf, 300117991611472805888, 68.02409170662217
r75k3q0.3c8/149.4.cnf, 110893346119858, 46.65616613118261
r75k3q0.3c8/51.4.cnf, 52536028330365812736, 65.50994094119463
r75k3q0.3c8/61.2.cnf, 7096032491115999232, 62.621718323398504
r75k3q0.3c8/48.2.cnf, 66256066155520196608, 65.84468635118674
r75k3q0.3c8/211.4.cnf, 8331691119, 32.955962209285715
r75k3q0.3c8/69.5.cnf, 2002790001316732928, 60.796716866046886
r75k3q0.3c8/222.4.cnf, 1124807099, 30.06703045882565
r75k3q0.3c8/303.1.cnf, 13956, 13.768597882194374
r75k3q0.3c8/11.1.cnf, 8234980537434655162368, 72.80225523292265
r75k3q0.3c8/79.3.cnf, 871269723439709568, 59.59589702356301
r75k3q0.3c8/89.1.cnf, 311901394288568924, 58.1138676150717
r75k3q0.3c8/128.5.cnf, 67264891195536, 45.93491892240584
r75k3q0.3c8/142.2.cnf, 70855794080954, 46.00995106480287
r75k3q0.3c8/111.5.cnf, 14881520424802364, 53.724371450373894
r75k3q0.3c8/19.4.cnf, 2948373179006976000000, 71.32040913220646
r75k3q0.3c8/29.2.cnf, 789323828134963838976, 69.41917919975728
r75k3q0.3c8/198.5.cnf, 790659745452, 39.524266018916784
r75k3q0.3c8/290.2.cnf, 16566937, 23.981803556850014
r75k3q0.3c8/151.4.cnf, 27387084221258, 44.63856091055194
r75k3q0.3c8/164.2.cnf, 22443424295455, 44.35135804482898
r75k3q0.3c8/255.5.cnf, 93083848, 26.47202751586336
r75k3q0.3c8/124.4.cnf, 1341565198205180, 50.252838592587686
r75k3q0.3c8/129.1.cnf, 831145735373794, 49.5620947937062
r75k3q0.3c8/299.3.cnf, 2498, 11.286557761607957
r75k3q0.3c8/253.4.cnf, 23812338, 24.50520594191391
r75k3q0.3c8/114.3.cnf, 3903179155412936, 51.79357110712084
r75k3q0.3c8/175.4.cnf, 2055522068251, 40.902641999523865
r75k3q0.3c8/245.1.cnf, 1017437323, 29.922292777143927
r75k3q0.3c8/43.5.cnf, 75865715173358567424, 66.04008186077843
r75k3q0.3c8/141.5.cnf, 120452486724330, 46.77545750653932
r75k3q0.3c8/186.1.cnf, 689836419172, 39.32746334010378
r75k3q0.3c8/268.3.cnf, 245816, 17.907219297264575
r75k3q0.3c8/216.1.cnf, 23172474678, 34.431693072275046
r75k3q0.3c8/163.1.cnf, 4451833370234, 42.01753673302724
r75k3q0.3c8/209.1.cnf, 8037280879, 32.90406035465835
r75k3q0.3c8/180.1.cnf, 249401253738, 37.859677761362605
r75k3q0.3c8/84.4.cnf, 346411368182302208, 58.265263888851635
r75k3q0.3c8/131.3.cnf, 2761473482440152, 51.29435969703997
r75k3q0.3c8/233.1.cnf, 195139059, 27.53992733553738
r75k3q0.3c8/94.2.cnf, 131121214093561664, 56.86367873107516
r75k3q0.3c8/258.5.cnf, 1669857, 20.671293130571893
r75k3q0.3c8/24.5.cnf, 1382988021450879795200, 70.22827865348437
r75k3q0.3c8/34.3.cnf, 398055331388870098944, 68.43153088321962
r75k3q0.3c8/44.1.cnf, 103996287652793942016, 66.4950939272627
r75k3q0.3c8/5.3.cnf, 19772603804007425638400, 74.06592095594753
r75k3q0.3c8/65.4.cnf, 6294189676545761280, 62.448726363140274
r75k3q0.3c8/75.2.cnf, 1617133020480998144, 60.488144063404484
r75k3q0.3c8/229.5.cnf, 675541320, 29.331468774891075
r75k3q0.3c8/146.3.cnf, 31510192807732, 44.84088381562546
r75k3q0.3c8/194.4.cnf, 32362764454, 34.91361579810416
r75k3q0.3c8/15.3.cnf, 5039262411387058520064, 72.09370257689417
r75k3q0.3c8/25.1.cnf, 1587709622748604006400, 70.42743707380122
r75k3q0.3c8/279.3.cnf, 899175, 19.778242398922014
r75k3q0.3c8/56.2.cnf, 35516633701126029312, 64.94512865107836
r75k3q0.3c8/180.2.cnf, 3978261801979, 41.855275359010214
r75k3q0.3c8/179.2.cnf, 2470134927152, 41.167726987509525
r75k3q0.3c8/174.4.cnf, 618734771174, 39.1705301554412
r75k3q0.3c8/109.2.cnf, 6504574940281616, 52.530376206374335
r75k3q0.3c8/116.3.cnf, 2410130813171668, 51.09803287615254
r75k3q0.3c8/119.4.cnf, 4413274570549932, 51.97077093025457
r75k3q0.3c8/212.2.cnf, 53723032189, 35.64482168328491
r75k3q0.3c8/172.4.cnf, 2098595171580, 40.932561029774526
r75k3q0.3c8/136.5.cnf, 258439989186031, 47.87682264820995
r75k3q0.3c8/347.1.cnf, 448, 8.807354922057604
r75k3q0.3c8/160.5.cnf, 13608631104599, 43.629587186642794
r75k3q0.3c8/304.5.cnf, 264, 8.044394119358454
r75k3q0.3c8/308.3.cnf, 4850, 12.243769031961852
r75k3q0.3c8/176.2.cnf, 1905405754430, 40.793235389685314
r75k3q0.3c8/244.3.cnf, 8963586, 23.095644586139922
r75k3q0.3c8/308.2.cnf, 12, 3.584962500721156
r75k3q0.3c8/262.3.cnf, 3399181, 21.696755754048713
r75k3q0.3c8/283.5.cnf, 16570, 14.016285982108814
r75k3q0.3c8/112.4.cnf, 24849121818539774, 54.46404438526002
r75k3q0.3c8/70.5.cnf, 4364074849454690304, 61.92038155390789
r75k3q0.3c8/80.3.cnf, 590349084356388096, 59.03434591220348
r75k3q0.3c8/90.1.cnf, 314238950996355568, 58.12463963180254
r75k3q0.3c8/115.3.cnf, 8591211603213106, 52.93178302972475
r75k3q0.3c8/20.4.cnf, 2342347209909179777024, 70.98844493734066
r75k3q0.3c8/227.2.cnf, 3305361233, 31.622160802142606
r75k3q0.3c8/98.4.cnf, 70347678514083712, 55.96535233325192
r75k3q0.3c8/30.2.cnf, 692931475437340590080, 69.23127458786624
r75k3q0.3c8/207.5.cnf, 14212774459, 33.72646915774946
r75k3q0.3c8/51.5.cnf, 55735266900688076800, 65.59522429527586
r75k3q0.3c8/38.5.cnf, 249432399046917488640, 67.75721076832183
r75k3q0.3c8/181.2.cnf, 1433926426201, 40.383108140876445
r75k3q0.3c8/61.3.cnf, 8876108886340032512, 62.94463307366193
r75k3q0.3c8/48.3.cnf, 77485110242933342208, 66.07055290753696
r75k3q0.3c8/71.1.cnf, 5197904692452887552, 62.17263588911119
r75k3q0.3c8/110.5.cnf, 10395662807619580, 53.20683126280885
r75k3q0.3c8/79.4.cnf, 1220917288697808608, 60.08267117592492
r75k3q0.3c8/11.2.cnf, 8369372453915018133504, 72.82560944437482
r75k3q0.3c8/295.4.cnf, 6566, 12.680799034572981
r75k3q0.3c8/120.5.cnf, 1769171533314032, 50.65199535729932
r75k3q0.3c8/89.2.cnf, 131497882532398464, 56.86781718154111
r75k3q0.3c8/233.2.cnf, 1963697218, 30.870925351986685
r75k3q0.3c8/157.5.cnf, 8567320302027, 42.9619811654461
r75k3q0.3c8/160.4.cnf, 15018614446290, 43.77181695559762
r75k3q0.3c8/238.3.cnf, 1739026710, 30.69563294539362
r75k3q0.3c8/19.5.cnf, 2987373828240670982144, 71.33936777477723
r75k3q0.3c8/241.2.cnf, 265247, 18.016976908481286
r75k3q0.3c8/29.3.cnf, 722249637835441176576, 69.29105947311291
r75k3q0.3c8/52.1.cnf, 26748383292606119936, 64.53608549862692
r75k3q0.3c8/179.1.cnf, 145469163534, 37.0819224076748
r75k3q0.3c8/171.3.cnf, 629355503007, 39.19508422389005
r75k3q0.3c8/39.1.cnf, 146559165384150220800, 66.99004509054981
r75k3q0.3c8/198.4.cnf, 58168540295, 35.75952004991781
r75k3q0.3c8/263.2.cnf, 1253112, 20.257083934202203
r75k3q0.3c8/226.5.cnf, 469307720, 28.805958951649412
r75k3q0.3c8/125.4.cnf, 1054057496324728, 49.90487498800867
r75k3q0.3c8/309.2.cnf, 1132, 10.144658242831882
r75k3q0.3c8/221.4.cnf, 135411194, 27.0127717658165
r75k3q0.3c8/234.1.cnf, 4653645490, 32.115714165868475
r75k3q0.3c8/220.4.cnf, 8867075554, 33.04581122238948
r75k3q0.3c8/129.2.cnf, 1520567048312260, 50.43353085568371
r75k3q0.3c8/113.5.cnf, 14290912303698308, 53.66594753638166
r75k3q0.3c8/268.5.cnf, 1581444, 20.59281103927831
r75k3q0.3c8/280.3.cnf, 46311, 15.499067289246305
r75k3q0.3c8/122.1.cnf, 7387466853370754, 52.71400117542498
r75k3q0.3c8/288.3.cnf, 207087, 17.659877464865357
r75k3q0.3c8/330.2.cnf, 118, 6.882643049361842
r75k3q0.3c8/182.1.cnf, 1762681010923, 40.680908555111266
r75k3q0.3c8/178.2.cnf, 1866245234541, 40.7632757150897
r75k3q0.3c8/326.4.cnf, 1047, 10.032045726930809
r75k3q0.3c8/304.3.cnf, 5728, 12.483815777264256
r75k3q0.3c8/84.5.cnf, 475641581859731584, 58.722652457942715
r75k3q0.3c8/316.5.cnf, 144, 7.169925001442312
r75k3q0.3c8/209.2.cnf, 20242505561, 34.236668822735275
r75k3q0.3c8/94.3.cnf, 107617482397526432, 56.578690074989666
r75k3q0.3c8/219.4.cnf, 3361662143, 31.64652759072232
r75k3q0.3c8/141.3.cnf, 116024915455426, 46.72142797467428
r75k3q0.3c8/34.4.cnf, 309072570240794099712, 68.06650752045344
r75k3q0.3c8/229.1.cnf, 11566325131, 33.42921151103491
r75k3q0.3c8/291.4.cnf, 21714, 14.406337893093696
r75k3q0.3c8/44.2.cnf, 109654255991425073152, 66.57152370591528
r75k3q0.3c8/233.5.cnf, 126979624, 26.920021770170397
r75k3q0.3c8/65.5.cnf, 8612531661810736768, 62.901143089505375
r75k3q0.3c8/137.4.cnf, 187722479920384, 47.41559475284716
r75k3q0.3c8/196.1.cnf, 4450233455, 32.0512338744555
r75k3q0.3c8/75.3.cnf, 943710008694589056, 59.71112121706672
r75k3q0.3c8/85.1.cnf, 320709858127256928, 58.15404631377061
r75k3q0.3c8/109.3.cnf, 9001112467647502, 52.99902474168323
r75k3q0.3c8/15.4.cnf, 5021141949587914752000, 72.08850550375307
r75k3q0.3c8/224.1.cnf, 1418653826, 30.4018754458923
r75k3q0.3c8/257.3.cnf, 9295657, 23.14812540511389
r75k3q0.3c8/25.2.cnf, 968311184051708887040, 69.71403265551824
r75k3q0.3c8/205.5.cnf, 52152139973, 35.6020074013328
r75k3q0.3c8/162.2.cnf, 4773513158268, 42.11818857478575
r75k3q0.3c8/216.2.cnf, 5453320784, 32.344487876466026
r75k3q0.3c8/114.1.cnf, 3995555949810512, 51.82731767996343
r75k3q0.3c8/56.3.cnf, 14154559033327321088, 63.61790060753686
r75k3q0.3c8/66.1.cnf, 9677483007366004736, 63.06933757727282
r75k3q0.3c8/305.1.cnf, 208, 7.700439718141092
r75k3q0.3c8/106.2.cnf, 30806832654298948, 54.77409988026248
r75k3q0.3c8/264.3.cnf, 279742, 18.093737348353915
r75k3q0.3c8/101.4.cnf, 23363901301767344, 54.375130713596064
r75k3q0.3c8/8.2.cnf, 13198213039174956613632, 73.48276069786037
r75k3q0.3c8/151.5.cnf, 32533719077054, 44.887000986358466
r75k3q0.3c8/276.3.cnf, 22394305, 24.41662855752673
r75k3q0.3c8/294.2.cnf, 2096, 11.03342300153745
r75k3q0.3c8/252.3.cnf, 5398203, 22.364047799850056
r75k3q0.3c8/145.5.cnf, 104329486175514, 46.568140286350165
r75k3q0.3c8/260.1.cnf, 6308092, 22.588772270507746
r75k3q0.3c8/252.4.cnf, 23490716, 24.48558735175946
r75k3q0.3c8/205.1.cnf, 184739992832, 37.42670526100025
r75k3q0.3c8/280.2.cnf, 1175037, 20.164274754945158
r75k3q0.3c8/177.1.cnf, 5685507284689, 42.37042621678162
r75k3q0.3c8/242.1.cnf, 117762650, 26.811306800780056
r75k3q0.3c8/80.4.cnf, 801148422362844160, 59.47484715705585
r75k3q0.3c8/90.2.cnf, 210255326596057728, 57.54491996317973
r75k3q0.3c8/295.3.cnf, 60736, 15.89026427702111
r75k3q0.3c8/311.3.cnf, 1310, 10.355351096424812
r75k3q0.3c8/20.5.cnf, 2420928939396641587200, 71.03605072571592
r75k3q0.3c8/3.3.cnf, 25308932869129504817152, 74.42206476617281
r75k3q0.3c8/98.5.cnf, 82558489847948224, 56.196266099559715
r75k3q0.3c8/30.3.cnf, 692244815854681718784, 69.22984424219536
r75k3q0.3c8/40.1.cnf, 209375995020133294080, 67.50465794435881
r75k3q0.3c8/211.2.cnf, 425270682, 28.663806158640185
r75k3q0.3c8/134.1.cnf, 353992626021415, 48.33071263643434
r75k3q0.3c8/61.4.cnf, 7666484111999611904, 62.7332708101977
r75k3q0.3c8/48.4.cnf, 61994601124555653120, 65.74877638497271
r75k3q0.3c8/136.3.cnf, 156020453823724, 47.14872850299599
r75k3q0.3c8/168.1.cnf, 7467313081690, 42.763726358764735
r75k3q0.3c8/71.2.cnf, 2560712567924672512, 61.15125103193411
r75k3q0.3c8/79.5.cnf, 636336183887902272, 59.14256677275654
r75k3q0.3c8/11.3.cnf, 9210178776930766028800, 72.96371915308674
r75k3q0.3c8/89.3.cnf, 312485510907192704, 58.11656691061365
r75k3q0.3c8/9.5.cnf, 11122089639754176921600, 73.23584595738986
r75k3q0.3c8/21.1.cnf, 2704930099047694336000, 71.19608130496387
r75k3q0.3c8/279.1.cnf, 8516418, 23.021815330731055
r75k3q0.3c8/229.3.cnf, 302998107, 28.174733539495993
r75k3q0.3c8/99.1.cnf, 41147403964862316, 55.19165093049321
r75k3q0.3c8/123.2.cnf, 5338647419120368, 52.2453956953915
r75k3q0.3c8/29.4.cnf, 932130447449342869504, 69.6590937654155
r75k3q0.3c8/52.2.cnf, 47730177553076871168, 65.37153550598931
r75k3q0.3c8/39.2.cnf, 159062357710534082560, 67.10815435837118
r75k3q0.3c8/171.4.cnf, 7581451977839, 42.78561131430378
r75k3q0.3c8/172.3.cnf, 1161264304847, 40.078833506971854
r75k3q0.3c8/206.4.cnf, 952000177, 29.826386600864257
r75k3q0.3c8/289.5.cnf, 2294, 11.163649676015824
r75k3q0.3c8/167.1.cnf, 14761822709262, 43.746936102038454
r75k3q0.3c8/161.5.cnf, 10134087101068, 43.20428136732515
r75k3q0.3c8/244.2.cnf, 1217030220, 30.18071784595149
r75k3q0.3c8/233.3.cnf, 558858541, 29.057907911533402
r75k3q0.3c8/267.4.cnf, 168865505, 27.33129941081404
r75k3q0.3c8/205.3.cnf, 93541612421, 36.44488924626134
r75k3q0.3c8/238.2.cnf, 625961656, 29.2214990450221
r75k3q0.3c8/253.1.cnf, 10113822, 23.269824957046136
r75k3q0.3c8/220.1.cnf, 3161274164, 31.55785901352198
r75k3q0.3c8/128.1.cnf, 726563487236276, 49.3680821947177
r75k3q0.3c8/124.1.cnf, 3199911616914451, 51.50695348104803
r75k3q0.3c8/263.4.cnf, 43514242, 25.374984329539828
r75k3q0.3c8/180.5.cnf, 2071377206243, 40.91372743678583
r75k3q0.3c8/236.2.cnf, 1827511021, 30.767232960516424
r75k3q0.3c8/270.5.cnf, 528859, 19.012523608656203
r75k3q0.3c8/119.5.cnf, 5462755457790384, 52.27855026503029
r75k3q0.3c8/139.5.cnf, 373573867780490, 48.40838686767277
r75k3q0.3c8/159.1.cnf, 2710552495598, 41.30172408669193
r75k3q0.3c8/186.5.cnf, 105322336460, 36.61602047521265
r75k3q0.3c8/175.2.cnf, 6800601174862, 42.62879942525481
r75k3q0.3c8/94.4.cnf, 215822795395437796, 57.5826248646911
r75k3q0.3c8/286.1.cnf, 16238822, 23.95294364424699
r75k3q0.3c8/156.2.cnf, 18677546183098, 44.086370162779666
r75k3q0.3c8/224.3.cnf, 95560146, 26.509905722205396
r75k3q0.3c8/34.5.cnf, 584784226692995481600, 68.98646629594134
r75k3q0.3c8/197.5.cnf, 117091374793, 36.76884385143902
r75k3q0.3c8/44.3.cnf, 110056619857646583808, 66.57680782306363
r75k3q0.3c8/275.2.cnf, 82764, 16.336715752160494
r75k3q0.3c8/282.1.cnf, 1806856, 20.785050102441982
r75k3q0.3c8/193.2.cnf, 137834546635, 37.00414657195217
r75k3q0.3c8/75.4.cnf, 2421175935504444736, 61.07041362500353
r75k3q0.3c8/105.2.cnf, 24396703245131680, 54.43753572609902
r75k3q0.3c8/85.2.cnf, 471528326014348608, 58.710122053281275
r75k3q0.3c8/248.2.cnf, 13352521, 23.670608817422828
r75k3q0.3c8/137.2.cnf, 503839679814947, 48.839958074191124
r75k3q0.3c8/268.4.cnf, 3834149, 21.870474972418968
r75k3q0.3c8/15.5.cnf, 4864088570693507088384, 72.04265949183899
r75k3q0.3c8/25.3.cnf, 1405300853610381312000, 70.25136901528559
r75k3q0.3c8/249.4.cnf, 236330592, 27.816231151296936
r75k3q0.3c8/35.1.cnf, 382340747344931192832, 68.37342085899708
r75k3q0.3c8/236.4.cnf, 311637292, 28.21529264257645
r75k3q0.3c8/193.4.cnf, 203354341616, 37.56520483643469
r75k3q0.3c8/56.4.cnf, 19799022911614486528, 64.10206303743998
r75k3q0.3c8/260.3.cnf, 5736182, 22.45165936852646
r75k3q0.3c8/177.4.cnf, 3686899103210, 41.745545074393796
r75k3q0.3c8/66.2.cnf, 8073144260406978560, 62.807836379668814
r75k3q0.3c8/202.5.cnf, 23829892581, 34.4720533971199
r75k3q0.3c8/16.1.cnf, 4515513351253524480000, 71.9353800040855
r75k3q0.3c8/173.5.cnf, 2468740086861, 41.16691209374588
r75k3q0.3c8/249.3.cnf, 1118061, 20.092567471276965
r75k3q0.3c8/195.1.cnf, 53008475227, 35.62550399138804
r75k3q0.3c8/105.3.cnf, 12230662984075338, 53.44135212794317
r75k3q0.3c8/328.2.cnf, 8159, 12.994176625161732
r75k3q0.3c8/219.5.cnf, 24281262872, 34.499124407196675
r75k3q0.3c8/199.2.cnf, 7662651677, 32.83519658024351
r75k3q0.3c8/163.5.cnf, 9113197566178, 43.051094482847695
r75k3q0.3c8/148.1.cnf, 52075642072769, 45.565673955789904
r75k3q0.3c8/352.1.cnf, 60, 5.906890595608519
r75k3q0.3c8/224.2.cnf, 397216065, 28.56534873147964
r75k3q0.3c8/184.4.cnf, 1723585589016, 40.648550079815415
r75k3q0.3c8/237.3.cnf, 379700735, 28.50028755073388
r75k3q0.3c8/80.5.cnf, 1014844539181244448, 59.815964450427344
r75k3q0.3c8/243.2.cnf, 1150770, 20.134168085664015
r75k3q0.3c8/90.3.cnf, 117830874743214560, 56.70949522528176
r75k3q0.3c8/222.3.cnf, 995814789, 29.891302200349944
r75k3q0.3c8/101.5.cnf, 10827816614824896, 53.26559187688445
r75k3q0.3c8/30.4.cnf, 675046653981578231808, 69.19354911123209
r75k3q0.3c8/245.2.cnf, 139804779, 27.058838436849143
r75k3q0.3c8/40.2.cnf, 257906573988106272768, 67.80541044535737
r75k3q0.3c8/8.1.cnf, 12975771246379873075200, 73.45823837872629
r75k3q0.3c8/183.1.cnf, 247985651358, 37.85146569133473
r75k3q0.3c8/193.1.cnf, 258866574088, 37.9134177343341
r75k3q0.3c8/61.5.cnf, 12025273319016212544, 63.382703487833005
r75k3q0.3c8/48.5.cnf, 68589635421561815040, 65.89462439010892
r75k3q0.3c8/221.5.cnf, 1210574639, 30.173044886644462
r75k3q0.3c8/81.1.cnf, 856967690403411328, 59.57201842562193
r75k3q0.3c8/71.3.cnf, 2199235901806467088, 60.93170807165273
r75k3q0.3c8/276.4.cnf, 550055, 19.069216355365203
r75k3q0.3c8/200.4.cnf, 63021944760, 35.875135223259505
r75k3q0.3c8/177.3.cnf, 1890824195479, 40.782152369677256
r75k3q0.3c8/11.4.cnf, 8537527856801777713152, 72.85430837336433
r75k3q0.3c8/152.5.cnf, 36899353488371, 45.068660772658994
r75k3q0.3c8/89.4.cnf, 293078426848046080, 58.02406438996695
r75k3q0.3c8/21.2.cnf, 1956193490222438154240, 70.72853906925322
r75k3q0.3c8/29.5.cnf, 691740096365632421888, 69.22879198168336
r75k3q0.3c8/99.2.cnf, 125062277420695992, 56.79542430758524
r75k3q0.3c8/52.3.cnf, 16113243465680289792, 63.80488072898784
r75k3q0.3c8/39.3.cnf, 161588339023414296576, 67.13088498791555
r75k3q0.3c8/62.1.cnf, 20624553153181138944, 64.16099666545843
r75k3q0.3c8/49.1.cnf, 55785319915253989376, 65.59651932506016
r75k3q0.3c8/6.2.cnf, 17004439271446386049024, 73.84832952087491
r75k3q0.3c8/116.5.cnf, 3324816711785722, 51.5621962342141
r75k3q0.3c8/237.4.cnf, 1909468302, 30.83052382478357
r75k3q0.3c8/3.2.cnf, 25308932869129504817152, 74.42206476617281
r75k3q0.3c8/320.2.cnf, 163, 7.348728154231077
r75k3q0.3c8/281.2.cnf, 5001300, 22.253871716167527
r75k3q0.3c8/195.5.cnf, 18694201442, 34.12187179395188
r75k3q0.3c8/146.1.cnf, 39480408754306, 45.16620216012732
r75k3q0.3c8/158.3.cnf, 4383224002042, 41.995129547462405
r75k3q0.3c8/185.1.cnf, 265335134694, 37.94902476830101
r75k3q0.3c8/307.1.cnf, 240, 7.906890595608519
r75k3q0.3c8/147.3.cnf, 108488303028157, 46.62453283124987
r75k3q0.3c8/217.4.cnf, 4619759963, 32.10517074692932
r75k3q0.3c8/109.4.cnf, 6340191361497384, 52.49344780817306
r75k3q0.3c8/145.1.cnf, 104750254258976, 46.573947074187494
r75k3q0.3c8/1.3.cnf, 33056565380087516495872, 74.8073549220576
r75k3q0.3c8/208.5.cnf, 21716461600, 34.338070003765836
r75k3q0.3c8/305.3.cnf, 2126, 11.053925881531105
r75k3q0.3c8/246.5.cnf, 26873625, 24.679687604720932
r75k3q0.3c8/94.5.cnf, 42180189229426432, 55.22741508558504
r75k3q0.3c8/179.4.cnf, 1128167119609, 40.03711793402029
r75k3q0.3c8/44.4.cnf, 124500095879589396480, 66.75470875108442
r75k3q0.3c8/7.5.cnf, 14532863795945457844224, 73.62173711100918
r75k3q0.3c8/225.1.cnf, 274014687, 28.029677981825582
r75k3q0.3c8/276.2.cnf, 325192, 18.310932240760295
r75k3q0.3c8/4.5.cnf, 22145316260488316715008, 74.22941968823042
r75k3q0.3c8/75.5.cnf, 2215774299018133568, 60.94251664248662
r75k3q0.3c8/200.5.cnf, 20016146459, 34.22044519978995
r75k3q0.3c8/85.3.cnf, 693323987473084544, 59.26630728852575
r75k3q0.3c8/280.5.cnf, 23280, 14.506803437795647
r75k3q0.3c8/319.5.cnf, 1014, 9.985841937003341
r75k3q0.3c8/241.1.cnf, 399722699, 28.57442426031584
r75k3q0.3c8/95.1.cnf, 83580403795525072, 56.21401424685566
r75k3q0.3c8/126.2.cnf, 421437954365573, 48.582313576392366
r75k3q0.3c8/290.4.cnf, 27454, 14.744728742249753
r75k3q0.3c8/25.4.cnf, 1190814515419529871360, 70.0124387051446
r75k3q0.3c8/267.1.cnf, 4869118, 22.21522903315816
r75k3q0.3c8/230.5.cnf, 5883576011, 32.45404613918077
r75k3q0.3c8/35.2.cnf, 402275239297386807296, 68.44674483819097
r75k3q0.3c8/230.2.cnf, 435445699, 28.69791758201539
r75k3q0.3c8/56.5.cnf, 21444409706619207680, 64.21723540677674
r75k3q0.3c8/66.3.cnf, 7132968174188378880, 62.629208244544785
r75k3q0.3c8/237.2.cnf, 417060450, 28.635681266496917
r75k3q0.3c8/76.1.cnf, 1295549694191190528, 60.16827006288704
r75k3q0.3c8/259.4.cnf, 6595783, 22.65311250448923
r75k3q0.3c8/231.1.cnf, 6544003056, 32.60752627599377
r75k3q0.3c8/344.3.cnf, 30, 4.906890595608519
r75k3q0.3c8/16.2.cnf, 5001733370334412800000, 72.08291814580545
r75k3q0.3c8/164.4.cnf, 4619896782724, 42.07099775810014
r75k3q0.3c8/136.4.cnf, 1362838144662004, 50.27553565620996
r75k3q0.3c8/189.5.cnf, 67762624327, 35.9797706976617
r75k3q0.3c8/152.1.cnf, 54490853173798, 45.6310793131815
r75k3q0.3c8/290.1.cnf, 3536, 11.787902559391432
r75k3q0.3c8/57.1.cnf, 10772665171995115520, 63.22400902161372
r75k3q0.3c8/101.2.cnf, 27397996012716680, 54.60491989137457
r75k3q0.3c8/317.5.cnf, 3128, 11.611024797307353
r75k3q0.3c8/305.4.cnf, 30969, 14.918537178179294
r75k3q0.3c8/345.5.cnf, 4, 2.0
r75k3q0.3c8/205.4.cnf, 8239796982, 32.939961645682374
r75k3q0.3c8/153.5.cnf, 362224748236196, 48.363878447151514
r75k3q0.3c8/120.4.cnf, 1587245825752288, 50.4954470071413
r75k3q0.3c8/90.4.cnf, 198794090759490928, 57.46405248588735
r75k3q0.3c8/240.3.cnf, 38219279, 25.18779722659452
r75k3q0.3c8/30.5.cnf, 713144758740782678016, 69.27275685172341
r75k3q0.3c8/40.3.cnf, 175013155612976480256, 67.2460252702291
r75k3q0.3c8/239.3.cnf, 185260594, 27.464980803515324
r75k3q0.3c8/118.5.cnf, 6516270423031968, 52.53296789977542
r75k3q0.3c8/71.4.cnf, 3086753475366889856, 61.420795974188366
r75k3q0.3c8/124.2.cnf, 2661698309433182, 51.241268481355775
r75k3q0.3c8/229.2.cnf, 1091161903, 30.023218033856473
r75k3q0.3c8/81.2.cnf, 1936298724087029604, 60.74800725072619
r75k3q0.3c8/156.4.cnf, 102456082912055, 46.541998969449025
r75k3q0.3c8/243.4.cnf, 242112912, 27.851104780119503
r75k3q0.3c8/115.2.cnf, 5450644029689840, 52.27534812724507
r75k3q0.3c8/256.2.cnf, 2921007, 21.478034384818613
r75k3q0.3c8/195.3.cnf, 165990030802, 37.272305641089766
r75k3q0.3c8/11.5.cnf, 8742425877248439484416, 72.88852365170408
r75k3q0.3c8/21.3.cnf, 2236533309138345656320, 70.9217542374832
r75k3q0.3c8/89.5.cnf, 291666712620574720, 58.01709835661458
r75k3q0.3c8/145.2.cnf, 111233957431379, 46.66059060874384
r75k3q0.3c8/99.3.cnf, 87932558669953024, 56.28724696723466
r75k3q0.3c8/31.1.cnf, 680454374320062332928, 69.20506032744281
r75k3q0.3c8/52.4.cnf, 17482369821202284544, 63.922534565361985
r75k3q0.3c8/39.4.cnf, 171922177044907032576, 67.22031755454138
r75k3q0.3c8/62.2.cnf, 6866596813606373888, 62.57430096325942
r75k3q0.3c8/12.1.cnf, 7805737390400392396800, 72.7250249194212
r75k3q0.3c8/49.2.cnf, 63350105900970147840, 65.77998083394935
r75k3q0.3c8/190.5.cnf, 87963623919, 36.356187990336544
r75k3q0.3c8/207.1.cnf, 14626783080, 33.76789345622746
r75k3q0.3c8/151.2.cnf, 107961844665909, 46.61751486083717
r75k3q0.3c8/142.1.cnf, 188615219301591, 47.422439419733344
r75k3q0.3c8/258.1.cnf, 2405937, 21.198167435039515
r75k3q0.3c8/173.2.cnf, 1920638884801, 40.80472343012419
r75k3q0.3c8/253.3.cnf, 163942364, 27.288613465490524
r75k3q0.3c8/252.1.cnf, 6007907, 22.518431050006377
r75k3q0.3c8/139.4.cnf, 83200038435598, 46.241649428378444
r75k3q0.3c8/225.2.cnf, 4714641050, 32.1345007892349
r75k3q0.3c8/218.3.cnf, 18781039765, 34.128557885256406
r75k3q0.3c8/223.5.cnf, 9888997685, 33.20317715574314
r75k3q0.3c8/104.1.cnf, 10169872735445376, 53.17515114379531
r75k3q0.3c8/306.2.cnf, 1440, 10.491853096329674
r75k3q0.3c8/152.2.cnf, 34135031117724, 44.956318300584954
r75k3q0.3c8/232.1.cnf, 241937848, 27.850061236770248
r75k3q0.3c8/196.4.cnf, 32628792086, 34.92542652889324
r75k3q0.3c8/9.1.cnf, 12289909051928365498368, 73.37989232700656
r75k3q0.3c8/155.3.cnf, 58165439799444, 45.725227434098024
r75k3q0.3c8/298.2.cnf, 1670, 10.705632387361415
r75k3q0.3c8/6.1.cnf, 16608987195366237536256, 73.81438218895157
r75k3q0.3c8/291.1.cnf, 376947, 18.524002164476162
r75k3q0.3c8/108.5.cnf, 11261311208439744, 53.322224335294536
r75k3q0.3c8/239.4.cnf, 131860852, 26.974441067368684
r75k3q0.3c8/132.4.cnf, 634106001469218, 49.17171735965689
r75k3q0.3c8/125.2.cnf, 238371416134768, 47.76020457650084
r75k3q0.3c8/44.5.cnf, 107471081444193861632, 66.54251040621602
r75k3q0.3c8/111.2.cnf, 6470690571914656, 52.52284111257791
r75k3q0.3c8/343.2.cnf, 212, 7.727920454563199
r75k3q0.3c8/241.3.cnf, 17086920, 24.026389031899484
r75k3q0.3c8/254.2.cnf, 30250601, 24.850460469445263
r75k3q0.3c8/100.2.cnf, 71928478195956956, 55.99741259926116
r75k3q0.3c8/85.4.cnf, 329727333073059136, 58.194051098681506
r75k3q0.3c8/95.2.cnf, 57670652614930496, 55.67868686656815
r75k3q0.3c8/202.2.cnf, 121846548461, 36.82627442827546
r75k3q0.3c8/25.5.cnf, 1164523927473554980864, 69.98023027554345
r75k3q0.3c8/210.2.cnf, 37701647216, 35.13390850627843
r75k3q0.3c8/35.3.cnf, 298262054227224297472, 68.01514234320308
r75k3q0.3c8/1.2.cnf, 33056565380087516495872, 74.8073549220576
r75k3q0.3c8/45.1.cnf, 101247610228571111424, 66.45644975387214
r75k3q0.3c8/258.2.cnf, 6764515, 22.689555069353347
r75k3q0.3c8/186.2.cnf, 512872264043, 38.89980859673037
r75k3q0.3c8/302.1.cnf, 4108, 12.004220466318195
r75k3q0.3c8/183.3.cnf, 5442043187631, 42.30728554439688
r75k3q0.3c8/66.4.cnf, 4565002214305034240, 61.98532126797745
r75k3q0.3c8/189.3.cnf, 156188090427, 37.184493493803224
r75k3q0.3c8/76.2.cnf, 791362584503446656, 59.45711646961719
r75k3q0.3c8/278.5.cnf, 204805, 17.64389141139167
r75k3q0.3c8/16.3.cnf, 4510268852587724800000, 71.93370342627811
r75k3q0.3c8/26.1.cnf, 1437426532963319808000, 70.28397821426516
r75k3q0.3c8/182.5.cnf, 675264251027, 39.29666122598731
r75k3q0.3c8/7.4.cnf, 14532863795945457844224, 73.62173711100918
r75k3q0.3c8/144.5.cnf, 96295878979112, 46.45253929221074
r75k3q0.3c8/235.3.cnf, 324690271, 28.274488915542
r75k3q0.3c8/156.3.cnf, 33091742981024, 44.91153651563208
r75k3q0.3c8/251.5.cnf, 75326855, 26.166660960293452
r75k3q0.3c8/260.5.cnf, 134777, 17.040214792788408
r75k3q0.3c8/57.2.cnf, 19298302000894456832, 64.06510771757311
r75k3q0.3c8/297.3.cnf, 335936, 18.357826882210777
r75k3q0.3c8/274.4.cnf, 5747, 12.488593333835409
r75k3q0.3c8/299.5.cnf, 46913, 15.517700141025704
r75k3q0.3c8/290.3.cnf, 41482, 15.340197833018886
r75k3q0.3c8/276.5.cnf, 631646, 19.26875671459526
r75k3q0.3c8/277.1.cnf, 139261, 17.08743176263892
r75k3q0.3c8/169.2.cnf, 5364950187557, 42.28670191456992
r75k3q0.3c8/180.4.cnf, 120801157331, 36.81384332017643
r75k3q0.3c8/107.3.cnf, 6714289935658832, 52.576156259974404
r75k3q0.3c8/124.5.cnf, 1450534749101860, 50.365506280553646
r75k3q0.3c8/227.5.cnf, 6072897417, 32.49973785346647
r75k3q0.3c8/90.5.cnf, 371348525338927680, 58.365551462324646
r75k3q0.3c8/171.5.cnf, 2145146109264, 40.96421305394043
r75k3q0.3c8/2.5.cnf, 28924494707576576933888, 74.61470984411521
r75k3q0.3c8/5.5.cnf, 18981699651847128612864, 74.00702726689397
r75k3q0.3c8/274.5.cnf, 7836309, 22.901742856156105
r75k3q0.3c8/295.1.cnf, 2146, 11.067434360756522
r75k3q0.3c8/40.4.cnf, 152278091969473806336, 67.04527029603676
r75k3q0.3c8/131.5.cnf, 244618315343274, 47.79752575545144
r75k3q0.3c8/217.5.cnf, 473024118, 28.817338502984796
r75k3q0.3c8/187.4.cnf, 2195574877691, 40.99773587549559
r75k3q0.3c8/71.5.cnf, 3124484729957015552, 61.438323997322
r75k3q0.3c8/218.4.cnf, 156850058921, 37.190595114893526
r75k3q0.3c8/170.4.cnf, 11002686959255, 43.32292111996014
r75k3q0.3c8/81.3.cnf, 2090991317692303872, 60.85889277948956
r75k3q0.3c8/91.1.cnf, 141580769584185152, 56.974402935641635
r75k3q0.3c8/208.3.cnf, 7780568245, 32.85722837864581
r75k3q0.3c8/207.2.cnf, 10557841939, 33.29759592163074
r75k3q0.3c8/21.4.cnf, 2550377955449727090688, 71.11120105699219
r75k3q0.3c8/31.2.cnf, 482834220056525668352, 68.71008982602811
r75k3q0.3c8/99.4.cnf, 21437802070245480, 54.251006517981196
r75k3q0.3c8/281.5.cnf, 2723227, 21.376885815431383
r75k3q0.3c8/204.5.cnf, 2300441002, 31.099263310986657
r75k3q0.3c8/52.5.cnf, 25461528660133019648, 64.46495284127387
r75k3q0.3c8/293.1.cnf, 10643, 13.377617247970784
r75k3q0.3c8/39.5.cnf, 155537814047628328960, 67.07582726592888
r75k3q0.3c8/62.3.cnf, 13718530294140108800, 63.572759732553514
r75k3q0.3c8/49.3.cnf, 43021637842435506176, 65.22169625235775
r75k3q0.3c8/72.1.cnf, 2995001087685564416, 61.37726223492591
r75k3q0.3c8/198.1.cnf, 212552480559, 37.6290281395731
r75k3q0.3c8/147.2.cnf, 72781276382682, 46.04863258582574
r75k3q0.3c8/310.1.cnf, 4870, 12.249706056969705
r75k3q0.3c8/12.2.cnf, 7602990964675706880000, 72.68705706922218
r75k3q0.3c8/288.4.cnf, 284916, 18.120177115658084
r75k3q0.3c8/114.2.cnf, 4550873632548506, 52.01506494979963
r75k3q0.3c8/185.5.cnf, 1223045570354, 40.1536152979502
r75k3q0.3c8/206.5.cnf, 62832321021, 35.8707878229834
r75k3q0.3c8/309.5.cnf, 988, 9.948367231584678
r75k3q0.3c8/139.1.cnf, 39514002129737, 45.16742920894053
r75k3q0.3c8/53.1.cnf, 33039203413354094592, 64.84081270615908
r75k3q0.3c8/135.1.cnf, 270232035735192, 47.94119204326672
r75k3q0.3c8/122.5.cnf, 1239726156107012, 50.13894290129584
r75k3q0.3c8/250.4.cnf, 100449, 16.616103676116555
r75k3q0.3c8/113.4.cnf, 16198061981130862, 53.846670730229484
r75k3q0.3c8/185.4.cnf, 541025188283, 38.97690480632518
r75k3q0.3c8/130.3.cnf, 379176632554646, 48.4298633867091
r75k3q0.3c8/130.4.cnf, 488253847003068, 48.79462473972487
r75k3q0.3c8/309.3.cnf, 12, 3.584962500721156
r75k3q0.3c8/249.5.cnf, 6844398, 22.706492223939836
r75k3q0.3c8/318.4.cnf, 864, 9.754887502163468
r75k3q0.3c8/284.2.cnf, 223299, 17.768617264789892
r75k3q0.3c8/361.1.cnf, 8, 3.0
r75k3q0.3c8/342.3.cnf, 18, 4.169925001442312
r75k3q0.3c8/303.5.cnf, 2020, 10.980139577639157
r75k3q0.3c8/122.3.cnf, 1343648188140870, 50.25507686524676
r75k3q0.3c8/244.5.cnf, 60898722, 25.859908616750232
r75k3q0.3c8/118.3.cnf, 1805778634764032, 50.681542471111364
r75k3q0.3c8/275.1.cnf, 1964900, 20.906024460344852
r75k3q0.3c8/268.2.cnf, 29271, 14.837184413659518
r75k3q0.3c8/191.1.cnf, 290302799299, 38.078767527249205
r75k3q0.3c8/95.3.cnf, 62635197344588912, 55.797823114083855
r75k3q0.3c8/85.5.cnf, 1085497210216060512, 59.91306172612952
r75k3q0.3c8/184.1.cnf, 2411365528139, 41.13298749786852
r75k3q0.3c8/35.4.cnf, 367224601371488550912, 68.31522460978806
r75k3q0.3c8/274.2.cnf, 2410685, 21.201011718137856
r75k3q0.3c8/45.2.cnf, 105420359801643859968, 66.51471541888067
r75k3q0.3c8/66.5.cnf, 7360798710914205696, 62.67456802775422
r75k3q0.3c8/76.3.cnf, 1553530482896534172, 60.430256257827644
r75k3q0.3c8/86.1.cnf, 336416245338054912, 58.22302498723577
r75k3q0.3c8/165.5.cnf, 12737853468389, 43.534187414471766
r75k3q0.3c8/336.5.cnf, 4130, 12.011926066306808
r75k3q0.3c8/16.4.cnf, 3529139450447692562432, 71.57980643054326
r75k3q0.3c8/26.2.cnf, 1172521327466865754112, 69.99010415738024
r75k3q0.3c8/246.3.cnf, 129341600, 26.946611121340702
r75k3q0.3c8/140.4.cnf, 120215040349868, 46.77261073429522
r75k3q0.3c8/330.3.cnf, 9, 3.169925001442312
r75k3q0.3c8/299.2.cnf, 230649, 17.81533951191661
r75k3q0.3c8/270.3.cnf, 4979507, 22.247571483532617
r75k3q0.3c8/57.3.cnf, 11873181332938870784, 63.364340349323435
r75k3q0.3c8/199.3.cnf, 1723847321, 30.68298485637711
r75k3q0.3c8/67.1.cnf, 13574402578067107840, 63.55752250795206
r75k3q0.3c8/220.5.cnf, 4553533915, 32.08433948342078
r75k3q0.3c8/226.3.cnf, 1015713718, 29.91984668540602
r75k3q0.3c8/334.5.cnf, 192, 7.584962500721156
r75k3q0.3c8/4.1.cnf, 22145316260488316715008, 74.22941968823042
r75k3q0.3c8/273.5.cnf, 474837, 18.857072830724015
r75k3q0.3c8/271.4.cnf, 2502919, 21.255180172300403
r75k3q0.3c8/200.2.cnf, 424644661001, 38.62746515503323
r75k3q0.3c8/308.5.cnf, 2745, 11.42259043389256
r75k3q0.3c8/279.5.cnf, 423092, 18.69061188130942
r75k3q0.3c8/256.4.cnf, 47636422, 25.505561719799992
r75k3q0.3c8/277.2.cnf, 8960, 13.129283016944967
r75k3q0.3c8/251.2.cnf, 3328361, 21.666380488579797
r75k3q0.3c8/179.5.cnf, 175132360039, 37.34965472578692
r75k3q0.3c8/154.3.cnf, 8080923773756, 42.87765736326383
r75k3q0.3c8/166.3.cnf, 7712399318768, 42.810316889424215
r75k3q0.3c8/40.5.cnf, 252519283830410182656, 67.77495546234118
r75k3q0.3c8/284.3.cnf, 242108, 17.885291225684607
r75k3q0.3c8/213.4.cnf, 6407499319, 32.577114274171024
r75k3q0.3c8/221.2.cnf, 5462493995, 32.34691264262449
r75k3q0.3c8/81.4.cnf, 931439002088185280, 59.692238906389136
r75k3q0.3c8/300.3.cnf, 1762, 10.782998208920414
r75k3q0.3c8/91.2.cnf, 227401760963257936, 57.65802103936071
r75k3q0.3c8/299.1.cnf, 2470, 11.27029532647204
r75k3q0.3c8/155.1.cnf, 18731116296767, 44.090502114313686
r75k3q0.3c8/104.4.cnf, 28697800892870272, 54.671789705882496
r75k3q0.3c8/21.5.cnf, 2192975584257952972800, 70.89337974232689
r75k3q0.3c8/317.1.cnf, 10, 3.321928094887362
r75k3q0.3c8/99.5.cnf, 18798572767037696, 54.06147265137308
r75k3q0.3c8/31.3.cnf, 624705894556687663104, 69.08173904059701
r75k3q0.3c8/120.2.cnf, 4803095990865712, 52.09288606473233
r75k3q0.3c8/41.1.cnf, 102735133197195018240, 66.47749153433551
r75k3q0.3c8/162.4.cnf, 24003094534990, 44.44828564697311
r75k3q0.3c8/114.4.cnf, 4841863629735676, 52.104483869959424
r75k3q0.3c8/62.4.cnf, 13528570602106671104, 63.55264321836124
r75k3q0.3c8/302.5.cnf, 198033, 17.595381333879974
r75k3q0.3c8/269.1.cnf, 4590786, 22.130309751552076
r75k3q0.3c8/49.4.cnf, 48576742148064411648, 65.39689954016927
r75k3q0.3c8/72.2.cnf, 2560342670002460416, 61.15104261789671
r75k3q0.3c8/5.4.cnf, 18981699651847128612864, 74.00702726689397
r75k3q0.3c8/158.2.cnf, 19589677561447, 44.15515888513153
r75k3q0.3c8/12.3.cnf, 7273528022873092915200, 72.62314530540199
r75k3q0.3c8/22.1.cnf, 1909749891466272964608, 70.69387370211649
r75k3q0.3c8/222.1.cnf, 2370043771, 31.142266557675832
r75k3q0.3c8/271.2.cnf, 10971820, 23.387299523333414
r75k3q0.3c8/196.5.cnf, 37453184933, 35.12436935625377
r75k3q0.3c8/53.2.cnf, 19116345803650039808, 64.05144057331265
r75k3q0.3c8/257.2.cnf, 2509591, 21.25902082977443
r75k3q0.3c8/224.4.cnf, 1873159268, 30.802826425956443
r75k3q0.3c8/121.5.cnf, 3643667247262180, 51.6943126363899
r75k3q0.3c8/248.1.cnf, 45858085, 25.4506727745012
r75k3q0.3c8/301.2.cnf, 238875, 17.865896347639545
r75k3q0.3c8/129.5.cnf, 1478353297384624, 50.39291250976048
r75k3q0.3c8/281.4.cnf, 144, 7.169925001442312
r75k3q0.3c8/144.4.cnf, 55672341691652, 45.66202600069639
r75k3q0.3c8/280.1.cnf, 31044, 14.922026839405897
r75k3q0.3c8/258.3.cnf, 102847187, 26.615927093976335
r75k3q0.3c8/181.4.cnf, 1007698258427, 39.87420084669254
r75k3q0.3c8/103.1.cnf, 26580134316141856, 54.56119791313326
r75k3q0.3c8/176.3.cnf, 1852518951960, 40.75262544056345
r75k3q0.3c8/220.2.cnf, 4327663847, 32.01094129559541
r75k3q0.3c8/342.1.cnf, 12, 3.584962500721156
r75k3q0.3c8/307.4.cnf, 1060, 10.049848549450562
r75k3q0.3c8/246.4.cnf, 24130558, 24.524357941328606
r75k3q0.3c8/104.5.cnf, 25580004586036656, 54.50586604106675
r75k3q0.3c8/35.5.cnf, 371905361345133936640, 68.33349744357369
r75k3q0.3c8/95.4.cnf, 124932165727634352, 56.79392258211546
r75k3q0.3c8/166.5.cnf, 3092562714396, 41.49193999070713
r75k3q0.3c8/45.3.cnf, 88576977037175488512, 66.26356556450065
r75k3q0.3c8/243.1.cnf, 84202732, 26.32736370722898
r75k3q0.3c8/178.3.cnf, 274861763805, 37.99991527034403
r75k3q0.3c8/127.3.cnf, 1796485716625786, 50.6740988882163
r75k3q0.3c8/76.4.cnf, 802939757982937984, 59.478069364066215
r75k3q0.3c8/86.2.cnf, 317476750744780832, 58.13942855831382
r75k3q0.3c8/261.1.cnf, 8171741, 22.96221204848868
r75k3q0.3c8/292.2.cnf, 10688, 13.383704292474052
r75k3q0.3c8/16.5.cnf, 4726412909960232960000, 72.0012356645046
r75k3q0.3c8/231.5.cnf, 188482247, 27.489853402639426
r75k3q0.3c8/222.2.cnf, 46929512, 25.483992122684672
r75k3q0.3c8/26.3.cnf, 1178164259819461017600, 69.99703068656234
r75k3q0.3c8/213.2.cnf, 18331307485, 34.09359063899875
r75k3q0.3c8/36.1.cnf, 223303192487162544128, 67.5975657747584
r75k3q0.3c8/191.2.cnf, 40524074265, 35.238060177958864
r75k3q0.3c8/143.1.cnf, 324676047482660, 48.2059942841816
r75k3q0.3c8/57.4.cnf, 14740641913574424576, 63.67643315397984
r75k3q0.3c8/287.5.cnf, 24321, 14.569914928453523
r75k3q0.3c8/67.2.cnf, 5145474474587791360, 62.1580098250477
r75k3q0.3c8/156.5.cnf, 94427709586252, 46.42427551067151
r75k3q0.3c8/202.3.cnf, 64520065036, 35.90902884159947
r75k3q0.3c8/289.1.cnf, 126323, 16.946757813205874
r75k3q0.3c8/116.2.cnf, 5565398441386946, 52.305406400875114
r75k3q0.3c8/17.1.cnf, 3979096599403325030400, 71.75293091599109
r75k3q0.3c8/161.3.cnf, 15649172808427, 43.831151634034185
r75k3q0.3c8/197.3.cnf, 303568364984, 38.143230498352686
r75k3q0.3c8/253.5.cnf, 14039422, 23.742980205630456
r75k3q0.3c8/310.2.cnf, 16056, 13.970824901362617
r75k3q0.3c8/155.4.cnf, 14658609139772, 43.736813455537686
r75k3q0.3c8/309.4.cnf, 118876, 16.85909795170749
r75k3q0.3c8/187.2.cnf, 507789826690, 38.88544053537715
r75k3q0.3c8/102.3.cnf, 16656000154795808, 53.886891505355734
r75k3q0.3c8/137.5.cnf, 913121465979608, 49.69780011274051
r75k3q0.3c8/173.3.cnf, 2013888158128, 40.873120703723714
r75k3q0.3c8/132.5.cnf, 803079050307916, 49.51253533344343
r75k3q0.3c8/178.4.cnf, 553279107137, 39.009216489683524
r75k3q0.3c8/91.3.cnf, 170339773302603984, 57.241192947965835
r75k3q0.3c8/296.2.cnf, 240568, 17.876085224549907
r75k3q0.3c8/81.5.cnf, 807904800876208640, 59.486962916711526
r75k3q0.3c8/31.4.cnf, 640963274075893923840, 69.11880359339548
r75k3q0.3c8/120.1.cnf, 3651954069584466, 51.697590044054415
r75k3q0.3c8/41.2.cnf, 233129618844780855296, 67.65969420657228
r75k3q0.3c8/194.2.cnf, 262980898199, 37.93616705592343
r75k3q0.3c8/215.2.cnf, 345680401, 28.364863568711204
r75k3q0.3c8/49.5.cnf, 40175799448627134464, 65.12296053488956
r75k3q0.3c8/111.1.cnf, 33225519877504008, 54.88314129162939
r75k3q0.3c8/62.5.cnf, 6992033316758650880, 62.60041776721149
r75k3q0.3c8/72.3.cnf, 1983515135402335232, 60.782765114120494
r75k3q0.3c8/82.1.cnf, 588964825677955648, 59.03095908867693
r75k3q0.3c8/192.2.cnf, 115670281177, 36.751227288448476
r75k3q0.3c8/12.4.cnf, 6921762974240763543552, 72.55162953197932
r75k3q0.3c8/108.2.cnf, 21282778782268120, 54.24053604655916
r75k3q0.3c8/159.4.cnf, 39890400246962, 45.18110683255392
r75k3q0.3c8/22.2.cnf, 1881698798424974950400, 70.67252570848262
r75k3q0.3c8/183.4.cnf, 1015917115305, 39.885919841726704
r75k3q0.3c8/254.5.cnf, 1826509, 20.800657431824202
r75k3q0.3c8/204.2.cnf, 3318691011, 31.62796716654513
r75k3q0.3c8/172.5.cnf, 5391196366923, 42.29374259735974
r75k3q0.3c8/197.1.cnf, 32981345676, 34.94093121243026
r75k3q0.3c8/53.3.cnf, 24783832535062282240, 64.4260331038087
r75k3q0.3c8/2.1.cnf, 28924494707576576933888, 74.61470984411521
r75k3q0.3c8/63.1.cnf, 10023276018267869184, 63.11998792045998
r75k3q0.3c8/165.3.cnf, 10074816293313, 43.19581876607132
r75k3q0.3c8/147.4.cnf, 521183131871761, 48.88878372015957
r75k3q0.3c8/187.1.cnf, 233638231435, 37.7654854129647
r75k3q0.3c8/122.2.cnf, 2018268453979608, 50.842039506310876
r75k3q0.3c8/308.1.cnf, 1504, 10.554588851677638
r75k3q0.3c8/128.3.cnf, 441011584170522, 48.6478098803643
r75k3q0.3c8/8.3.cnf, 12710959588290487910400, 73.42849103533224
r75k3q0.3c8/226.1.cnf, 5287300659, 32.2998842209766
r75k3q0.3c8/135.2.cnf, 381689709916984, 48.43939362146895
r75k3q0.3c8/128.4.cnf, 2040152542554040, 50.857598450094756
r75k3q0.3c8/147.1.cnf, 148344504881052, 47.07594481454231
r75k3q0.3c8/249.1.cnf, 63146693, 25.912203846087756
r75k3q0.3c8/265.4.cnf, 3851454, 21.876971763854325
r75k3q0.3c8/340.2.cnf, 136, 7.087462841250339
r75k3q0.3c8/214.3.cnf, 45050780692, 35.39083305581627
r75k3q0.3c8/368.1.cnf, 8, 3.0
r75k3q0.3c8/193.3.cnf, 54279469044, 35.65968755740978
r75k3q0.3c8/221.1.cnf, 3441327977, 31.68031824918317
r75k3q0.3c8/95.5.cnf, 84240865022408512, 56.22536976886736
r75k3q0.3c8/170.3.cnf, 3216922932656, 41.54881851262258
r75k3q0.3c8/3.4.cnf, 25825441703193372262400, 74.45121111183232
r75k3q0.3c8/266.5.cnf, 136304, 17.05646837477133
r75k3q0.3c8/45.4.cnf, 81267135170644541440, 66.13930584012634
r75k3q0.3c8/167.4.cnf, 2507014519444, 41.18910749025267
r75k3q0.3c8/225.5.cnf, 65802732339, 35.937428439370365
r75k3q0.3c8/187.5.cnf, 262453638112, 37.93327163997518
r75k3q0.3c8/293.2.cnf, 11315, 13.465948964154254
r75k3q0.3c8/76.5.cnf, 890487022826720448, 59.62737219999885
r75k3q0.3c8/215.4.cnf, 4262557569, 31.989072172920714
r75k3q0.3c8/86.3.cnf, 110954752379077120, 56.62274907500397
r75k3q0.3c8/167.5.cnf, 1108861236403, 40.01221597567286
r75k3q0.3c8/96.1.cnf, 83509024025736048, 56.212781622535836
r75k3q0.3c8/283.2.cnf, 1834, 10.840777923595054
r75k3q0.3c8/281.1.cnf, 16656, 14.023754353299417
r75k3q0.3c8/26.4.cnf, 1201871148556820152320, 70.02577222703441
r75k3q0.3c8/36.2.cnf, 388100694557224599552, 68.39499291276539
r75k3q0.3c8/131.2.cnf, 625324491565088, 49.15159835161733
r75k3q0.3c8/132.1.cnf, 1266259624127648, 50.1694946574926
r75k3q0.3c8/293.3.cnf, 4546, 12.150381968817848
r75k3q0.3c8/162.1.cnf, 38000862816444, 45.11109740911492
r75k3q0.3c8/302.4.cnf, 113500, 16.792332771953003
r75k3q0.3c8/57.5.cnf, 23333419470532198400, 64.3390315500312
r75k3q0.3c8/251.4.cnf, 193722, 17.563628277054274
r75k3q0.3c8/67.3.cnf, 3143625507146407936, 61.44713507087358
r75k3q0.3c8/124.3.cnf, 1287111495755263, 50.1930584554285
r75k3q0.3c8/77.1.cnf, 657053054364032000, 59.188787480097915
r75k3q0.3c8/17.2.cnf, 4019623525979311308800, 71.76755037895505
r75k3q0.3c8/264.5.cnf, 74683835, 26.15429267577976
r75k3q0.3c8/254.4.cnf, 41087515, 25.292196742208247
r75k3q0.3c8/159.5.cnf, 16774228463167, 43.931311644195986
r75k3q0.3c8/58.1.cnf, 17019049769947267072, 63.883784291678424
r75k3q0.3c8/295.2.cnf, 18426, 14.16945529769703
r75k3q0.3c8/279.2.cnf, 17318, 14.079984707033974
r75k3q0.3c8/192.1.cnf, 550888111382, 39.002968372455776
r75k3q0.3c8/174.2.cnf, 3597554596689, 41.71015372020038
r75k3q0.3c8/91.4.cnf, 221446227011966016, 57.619734029962956
r75k3q0.3c8/156.1.cnf, 34361460273889, 44.965856582152135
r75k3q0.3c8/283.4.cnf, 5230, 12.352595231134304
r75k3q0.3c8/104.2.cnf, 33820429911720864, 54.90874451702214
r75k3q0.3c8/31.5.cnf, 540714167189511340032, 68.87342805454868
r75k3q0.3c8/127.2.cnf, 1578832779545822, 50.48777980103468
r75k3q0.3c8/41.3.cnf, 140579291151841886208, 66.92994598324587
r75k3q0.3c8/151.3.cnf, 71810961958939, 46.02926932210597
r75k3q0.3c8/125.5.cnf, 1695124370063452, 50.59031255005929
r75k3q0.3c8/236.3.cnf, 335918537, 28.32353616914012
r75k3q0.3c8/237.5.cnf, 649831506, 29.275490451132054
r75k3q0.3c8/154.1.cnf, 37399818720754, 45.08809651083303
r75k3q0.3c8/72.4.cnf, 2784178510459072512, 61.27195742199601
r75k3q0.3c8/307.3.cnf, 1897157, 20.855407643829484
r75k3q0.3c8/82.2.cnf, 682645525169607360, 59.243914243089385
r75k3q0.3c8/12.5.cnf, 8032620295378016665600, 72.76636067408863
r75k3q0.3c8/168.5.cnf, 999928577719, 39.86303409439787
r75k3q0.3c8/164.5.cnf, 3812408994926, 41.79384003840508
r75k3q0.3c8/22.3.cnf, 1763779471032591581184, 70.57916018168386
r75k3q0.3c8/32.1.cnf, 732566302847995478016, 69.31152123811643
r75k3q0.3c8/53.4.cnf, 44704242820949491712, 65.27704556505732
r75k3q0.3c8/136.1.cnf, 596011458372170, 49.082333395314876
r75k3q0.3c8/203.3.cnf, 65607862279, 35.933149662973776
r75k3q0.3c8/203.1.cnf, 34282054852, 34.99673453545187
r75k3q0.3c8/266.2.cnf, 28896, 14.818582177480858
r75k3q0.3c8/63.2.cnf, 5160913497986673664, 62.162332157801714
r75k3q0.3c8/13.1.cnf, 7312318793101030195200, 72.63081896117068
r75k3q0.3c8/284.4.cnf, 91033, 16.474102005147007
r75k3q0.3c8/214.4.cnf, 106886528, 26.67150478603572
r75k3q0.3c8/315.3.cnf, 48, 5.584962500721156
r75k3q0.3c8/263.5.cnf, 5796248, 22.466687893120984
r75k3q0.3c8/338.3.cnf, 1229, 10.263269200372662
r75k3q0.3c8/327.3.cnf, 24, 4.584962500721156
r75k3q0.3c8/194.3.cnf, 20268421788, 34.23851470579542
r75k3q0.3c8/263.1.cnf, 6415612, 22.613155463205203
r75k3q0.3c8/158.5.cnf, 74927921196884, 46.09056865937638
r75k3q0.3c8/152.4.cnf, 14180322546992, 43.68895558216769
r75k3q0.3c8/155.5.cnf, 10354016121532, 43.23525570317094
r75k3q0.3c8/219.1.cnf, 109321453, 26.704001299172948
r75k3q0.3c8/121.4.cnf, 3518722266073714, 51.64397306948928
r75k3q0.3c8/123.3.cnf, 2785534282475948, 51.30687549513105
r75k3q0.3c8/286.2.cnf, 38894, 15.247259993941253
r75k3q0.3c8/296.3.cnf, 6604, 12.689124404913258
r75k3q0.3c8/150.3.cnf, 137268501416448, 46.963993941062476
r75k3q0.3c8/310.3.cnf, 67818, 16.04938061845972
r75k3q0.3c8/115.5.cnf, 6371356912288330, 52.50052208027516
r75k3q0.3c8/227.3.cnf, 2967467434, 31.46658505131275
r75k3q0.3c8/100.1.cnf, 61306179379233968, 55.76688201642818
r75k3q0.3c8/239.2.cnf, 246917678, 27.879454888612955
r75k3q0.3c8/182.3.cnf, 2707815441187, 41.30026654995491
r75k3q0.3c8/128.2.cnf, 601630357971980, 49.0958706949576
r75k3q0.3c8/45.5.cnf, 122154405469224239104, 66.72726779274
r75k3q0.3c8/248.4.cnf, 107427686, 26.678790608171983
r75k3q0.3c8/292.3.cnf, 162723, 17.312058656859573
r75k3q0.3c8/283.1.cnf, 102620, 16.64695240507878
r75k3q0.3c8/86.4.cnf, 592274308142703040, 59.039043118905695
r75k3q0.3c8/149.3.cnf, 104760176487746, 46.57408372371087
r75k3q0.3c8/96.2.cnf, 101265259783054016, 56.49091693890469
r75k3q0.3c8/304.1.cnf, 468, 8.870364719583405
r75k3q0.3c8/162.3.cnf, 7303334144080, 42.73169237729697
r75k3q0.3c8/264.4.cnf, 21578478, 24.363089774668225
r75k3q0.3c8/26.5.cnf, 1221385068224775716864, 70.04900810568448
r75k3q0.3c8/274.1.cnf, 408268, 18.639156968155856
r75k3q0.3c8/220.3.cnf, 412807991, 28.62089565734187
r75k3q0.3c8/137.1.cnf, 141933673746041, 47.01221023764574
r75k3q0.3c8/36.3.cnf, 350645451112363065344, 68.24857490994411
r75k3q0.3c8/163.2.cnf, 14849599679968, 43.75548927247356
r75k3q0.3c8/311.4.cnf, 8240, 13.00842862207058
r75k3q0.3c8/121.2.cnf, 6149262978966752, 52.4493349296472
r75k3q0.3c8/46.1.cnf, 64311448547649142784, 65.80170938788896
r75k3q0.3c8/248.5.cnf, 49837460, 25.57072720651441
r75k3q0.3c8/67.4.cnf, 2337293575626142720, 61.019544663102884
r75k3q0.3c8/320.3.cnf, 426, 8.734709620225837
r75k3q0.3c8/77.2.cnf, 807180397461015424, 59.485668751814394
r75k3q0.3c8/155.2.cnf, 76333753918520, 46.11738637503494
r75k3q0.3c8/222.5.cnf, 1768141696, 30.719586748582792
r75k3q0.3c8/6.3.cnf, 16270028273011824525312, 73.78463484555752
r75k3q0.3c8/188.2.cnf, 2023063544240, 40.87967877417488
r75k3q0.3c8/319.2.cnf, 94461, 16.52743118803607
r75k3q0.3c8/291.3.cnf, 843010, 19.68519021932284
r75k3q0.3c8/17.3.cnf, 4152246798841559384064, 71.81438218895157
r75k3q0.3c8/240.1.cnf, 821736172, 29.614100033246128
r75k3q0.3c8/219.3.cnf, 128391051274, 36.90175369534481
r75k3q0.3c8/153.2.cnf, 31557640916862, 44.843054594630026
r75k3q0.3c8/27.1.cnf, 1175764985467153416192, 69.99408971251613
r75k3q0.3c8/331.4.cnf, 79580, 16.2801182785811
r75k3q0.3c8/285.5.cnf, 155580, 17.247297086461813
r75k3q0.3c8/234.3.cnf, 87080081, 26.375839413701872
r75k3q0.3c8/239.5.cnf, 329790230, 28.296973418822336
r75k3q0.3c8/262.5.cnf, 21159274, 24.334786791920177
r75k3q0.3c8/58.2.cnf, 19511581666109882368, 64.080964534644
r75k3q0.3c8/209.3.cnf, 4814089710, 32.16461588050291
r75k3q0.3c8/121.1.cnf, 4347948873914920, 51.94925639960412
r75k3q0.3c8/203.4.cnf, 12731557549, 33.567689874849904
r75k3q0.3c8/213.1.cnf, 2174400810, 31.017970752631893
r75k3q0.3c8/132.3.cnf, 600493687278184, 49.09314240802537
r75k3q0.3c8/1.4.cnf, 33056565380087516495872, 74.8073549220576
r75k3q0.3c8/91.5.cnf, 111305590475609576, 56.62730366891766
r75k3q0.3c8/143.3.cnf, 234186044615814, 47.734648435161304
r75k3q0.3c8/191.4.cnf, 76428584370, 36.15339325750452
r75k3q0.3c8/240.2.cnf, 6171479, 22.557184843183155
r75k3q0.3c8/157.1.cnf, 11103361060495, 43.33606168950968
r75k3q0.3c8/316.1.cnf, 66, 6.044394119358453
r75k3q0.3c8/41.4.cnf, 197575286555783725056, 67.42096439834805
r75k3q0.3c8/226.4.cnf, 7271883837, 32.759682007709344
r75k3q0.3c8/168.4.cnf, 2008966523393, 40.869590662432195
r75k3q0.3c8/162.5.cnf, 14294851637972, 43.700560880278225
r75k3q0.3c8/129.4.cnf, 2551693690732196, 51.18037657945695
r75k3q0.3c8/72.5.cnf, 1056251407714586624, 59.87365897211433
r75k3q0.3c8/247.1.cnf, 68234160, 26.023990839302954
r75k3q0.3c8/182.2.cnf, 2476440353895, 41.171405012123735
r75k3q0.3c8/104.3.cnf, 34046897623077568, 54.9183728630515
r75k3q0.3c8/82.3.cnf, 780044431889498880, 59.43633391634334
r75k3q0.3c8/192.5.cnf, 910005009894, 39.727083531632026
r75k3q0.3c8/92.1.cnf, 322412287687079680, 58.16168434158937
r75k3q0.3c8/235.5.cnf, 594874784, 29.14801078463985
r75k3q0.3c8/22.4.cnf, 2073011419981006503936, 70.81221805674454
r75k3q0.3c8/32.2.cnf, 445229425870193557504, 68.59311084342374
r75k3q0.3c8/282.5.cnf, 4415765, 22.074231965544456
r75k3q0.3c8/53.5.cnf, 28546051894712991744, 64.62992502810505
r75k3q0.3c8/152.3.cnf, 12711642050790, 43.53121563882086
r75k3q0.3c8/201.1.cnf, 41996252125, 35.289541531956935
r75k3q0.3c8/307.2.cnf, 34406, 15.070372555390618
r75k3q0.3c8/63.3.cnf, 10510776986940405760, 63.18850312427916
r75k3q0.3c8/211.1.cnf, 23032386598, 34.42294485868895
r75k3q0.3c8/73.1.cnf, 2758358490418048512, 61.25851567705733
r75k3q0.3c8/235.1.cnf, 274836561, 28.03399869507754
r75k3q0.3c8/259.1.cnf, 33698435, 25.006178256503947
r75k3q0.3c8/188.1.cnf, 3916445664170, 41.83268208155332
r75k3q0.3c8/13.2.cnf, 6639090105999924658176, 72.49147552494311
r75k3q0.3c8/262.2.cnf, 232790742, 27.794458443048377
r75k3q0.3c8/54.1.cnf, 27184960728345477120, 64.55944254686634
r75k3q0.3c8/106.5.cnf, 23983465493269360, 54.41288965437796
r75k3q0.3c8/249.2.cnf, 9718404, 23.21228797674147
r75k3q0.3c8/100.4.cnf, 42277511741269732, 55.23073998706201
r75k3q0.3c8/231.4.cnf, 5008207246, 32.22164711805192
r75k3q0.3c8/260.4.cnf, 189886, 17.534774016179473
r75k3q0.3c8/281.3.cnf, 11532, 13.493355121494906
r75k3q0.3c8/269.4.cnf, 391695, 18.579371186791736
r75k3q0.3c8/219.2.cnf, 2670349086, 31.314381207030554
r75k3q0.3c8/113.3.cnf, 6872347393269868, 52.609724389047614
r75k3q0.3c8/143.2.cnf, 123027969396271, 46.805979666119136
r75k3q0.3c8/215.3.cnf, 77196098820, 36.16780889021088
r75k3q0.3c8/266.3.cnf, 32399470, 24.94946687748731
r75k3q0.3c8/210.1.cnf, 41344496530, 35.2669762502823
r75k3q0.3c8/271.1.cnf, 397730, 18.60142986036392
r75k3q0.3c8/115.4.cnf, 4873100177027150, 52.11376130383672
r75k3q0.3c8/86.5.cnf, 265729127240271104, 57.882733987025574
r75k3q0.3c8/246.2.cnf, 5140033, 22.293346191152573
r75k3q0.3c8/96.3.cnf, 79022592159547552, 56.133114689676475
r75k3q0.3c8/103.2.cnf, 21458938498540356, 54.25242823078952
r75k3q0.3c8/36.4.cnf, 356220687392845070336, 68.27133320063376
r75k3q0.3c8/46.2.cnf, 103791806548049657856, 66.49225445782982
r75k3q0.3c8/103.4.cnf, 28150744807898496, 54.64402261160265
r75k3q0.3c8/215.1.cnf, 3348336020, 31.640797169826197
r75k3q0.3c8/103.5.cnf, 29237153942503268, 54.698652398815206
r75k3q0.3c8/169.3.cnf, 2434947401755, 41.14702774707637
r75k3q0.3c8/67.5.cnf, 5076748524081418240, 62.13861050614402
r75k3q0.3c8/77.3.cnf, 1221961461612287584, 60.08390449393311
r75k3q0.3c8/332.1.cnf, 40, 5.321928094887363
r75k3q0.3c8/196.3.cnf, 153526992280, 37.15970136844468
r75k3q0.3c8/87.1.cnf, 124068366677029888, 56.78391293600167
r75k3q0.3c8/323.1.cnf, 98, 6.614709844115208
r75k3q0.3c8/190.2.cnf, 480415641990, 38.80549216868884
r75k3q0.3c8/17.4.cnf, 3926062343232317030400, 71.73357307464858
r75k3q0.3c8/27.2.cnf, 948938638061991886848, 69.68487669792742
r75k3q0.3c8/58.3.cnf, 24429762721108212736, 64.4052736540728
r75k3q0.3c8/68.1.cnf, 5839299021492338688, 62.340500899181414
r75k3q0.3c8/330.4.cnf, 479, 8.90388184573618
r75k3q0.3c8/247.4.cnf, 10609284, 23.338823959059404
r75k3q0.3c8/140.1.cnf, 456614954941094, 48.697971439553875
r75k3q0.3c8/201.3.cnf, 19775146920, 34.20296936215414
r75k3q0.3c8/278.2.cnf, 1172, 10.194756854422248
r75k3q0.3c8/212.5.cnf, 2013308001, 30.90692075030142
r75k3q0.3c8/9.2.cnf, 11900762015326535680000, 73.33347204093214
r75k3q0.3c8/243.5.cnf, 121953142, 26.86175168729798
r75k3q0.3c8/267.5.cnf, 153146, 17.224548160305932
r75k3q0.3c8/170.5.cnf, 32130957730717, 44.86902921754339
r75k3q0.3c8/285.4.cnf, 2222, 11.117643101389092
r75k3q0.3c8/329.1.cnf, 916, 9.839203788096944
r75k3q0.3c8/223.3.cnf, 3168086052, 31.560964376622092
r75k3q0.3c8/41.5.cnf, 170070120929947549696, 67.20469159858052
r75k3q0.3c8/210.3.cnf, 7690951936, 32.840515030632474
r75k3q0.3c8/82.4.cnf, 636759544164590848, 59.14352629179465
r75k3q0.3c8/92.2.cnf, 126902946853643248, 56.816503183933015
r75k3q0.3c8/118.1.cnf, 12715368829654690, 53.49742282851495
r75k3q0.3c8/189.2.cnf, 356572860399, 38.3754059439819
r75k3q0.3c8/122.4.cnf, 694826033786132, 49.30364513847384
r75k3q0.3c8/22.5.cnf, 1843290884717129236480, 70.64277374934636
r75k3q0.3c8/282.3.cnf, 176600, 17.43012581742319
r75k3q0.3c8/163.4.cnf, 32945797257516, 44.905159672594365
r75k3q0.3c8/42.1.cnf, 137962294908259663872, 66.90283593010189
r75k3q0.3c8/228.5.cnf, 218185888, 27.700982552003268
r75k3q0.3c8/32.3.cnf, 652756374688704233472, 69.1451065394265
r75k3q0.3c8/4.3.cnf, 22145316260488316715008, 74.22941968823042
r75k3q0.3c8/135.4.cnf, 380612780533215, 48.435317334865054
r75k3q0.3c8/63.4.cnf, 6225330061347602432, 62.43285603756222
r75k3q0.3c8/172.2.cnf, 831070899270, 39.59618060338243
r75k3q0.3c8/101.1.cnf, 23084795811296704, 54.35779248977362
r75k3q0.3c8/73.2.cnf, 2077163230714592768, 60.84932030060637
r75k3q0.3c8/330.5.cnf, 5466, 12.416269744523207
r75k3q0.3c8/169.1.cnf, 2226582223717, 41.01796802757197
r75k3q0.3c8/13.3.cnf, 6780502505378707144704, 72.52188218858525
r75k3q0.3c8/23.1.cnf, 1570445837840739729408, 70.41166418024339
r75k3q0.3c8/164.3.cnf, 21117383768298, 44.26349634388079
r75k3q0.3c8/112.5.cnf, 21391118733241024, 54.24786145412259
r75k3q0.3c8/127.4.cnf, 2002243208920373, 50.83053864972825
r75k3q0.3c8/54.2.cnf, 20944525891373973504, 64.18320703001466
r75k3q0.3c8/133.1.cnf, 548031244195282, 48.96125147445676
r75k3q0.3c8/239.1.cnf, 2723723415, 31.342933063919517
r75k3q0.3c8/306.5.cnf, 880, 9.78135971352466
r75k3q0.3c8/228.3.cnf, 2136280278, 30.992453793686806
r75k3q0.3c8/184.5.cnf, 308327303922, 38.16567169671133
r75k3q0.3c8/238.1.cnf, 6400392, 22.609728836801995
r75k3q0.3c8/285.3.cnf, 119, 6.894817763307944
r75k3q0.3c8/218.5.cnf, 12663286174, 33.55993278742603
r75k3q0.3c8/289.3.cnf, 176482, 17.429161520057917
r75k3q0.3c8/154.4.cnf, 28093899115214, 44.67532210163853
r75k3q0.3c8/321.3.cnf, 612, 9.257387842692651
r75k3q0.3c8/191.5.cnf, 163492461881, 37.25043316292406
r75k3q0.3c8/316.4.cnf, 364, 8.507794640198696
r75k3q0.3c8/228.4.cnf, 296963513, 28.145710441479626
r75k3q0.3c8/317.2.cnf, 18266, 14.156873117949567
r75k3q0.3c8/199.4.cnf, 42570788215, 35.30914475131047
r75k3q0.3c8/214.1.cnf, 1680866790, 30.646558248386956
r75k3q0.3c8/144.2.cnf, 179233540041679, 47.3488339631628
r75k3q0.3c8/206.1.cnf, 8302837955, 32.950957395722625
r75k3q0.3c8/326.5.cnf, 196, 7.614709844115208
r75k3q0.3c8/96.4.cnf, 46585259621225488, 55.37072305171581
r75k3q0.3c8/296.4.cnf, 48, 5.584962500721156
r75k3q0.3c8/244.1.cnf, 36995013, 25.14082746995101
r75k3q0.3c8/193.5.cnf, 95200191044, 36.47024541755343
r75k3q0.3c8/46.3.cnf, 87593904390140854272, 66.24746427985419
r75k3q0.3c8/36.5.cnf, 327523048697911836672, 68.15015833438855
r75k3q0.3c8/265.3.cnf, 4719929, 22.17033372719131
r75k3q0.3c8/273.4.cnf, 1380, 10.430452551665532
r75k3q0.3c8/106.4.cnf, 20978977828759296, 54.21979390453504
r75k3q0.3c8/255.3.cnf, 3912635, 21.899709100403413
r75k3q0.3c8/161.2.cnf, 5601637109604, 42.34898566309387
r75k3q0.3c8/217.2.cnf, 1100978889, 30.036139659830408
r75k3q0.3c8/77.4.cnf, 4270230539414770752, 61.88901966753542
r75k3q0.3c8/87.2.cnf, 335794089231962624, 58.22035444874788
r75k3q0.3c8/171.2.cnf, 1099122784008, 39.99948969871606
r75k3q0.3c8/17.5.cnf, 3850551367889498144768, 71.70555503552416
r75k3q0.3c8/231.2.cnf, 7218485316, 32.74904899631383
r75k3q0.3c8/27.3.cnf, 1084319310734461763584, 69.87727965723931
r75k3q0.3c8/50.1.cnf, 59647786652241068032, 65.69310240775307
r75k3q0.3c8/100.5.cnf, 36757843102884768, 55.02890163204818
r75k3q0.3c8/37.1.cnf, 196895426239027740672, 67.4159914964478
r75k3q0.3c8/109.1.cnf, 23704335358918896, 54.39600046039375
r75k3q0.3c8/58.4.cnf, 13903670060586434560, 63.59209955482539
r75k3q0.3c8/68.2.cnf, 2568196756647264256, 61.15546144351893
r75k3q0.3c8/303.3.cnf, 616, 9.266786540694902
r75k3q0.3c8/274.3.cnf, 722133, 19.4619050466872
r75k3q0.3c8/18.1.cnf, 3901656844768603275264, 71.72457688946395
r75k3q0.3c8/352.2.cnf, 61172, 15.900583824873321
r75k3q0.3c8/340.4.cnf, 5100, 12.31628153174622
r75k3q0.3c8/267.3.cnf, 32514, 14.988773432507186
r75k3q0.3c8/282.4.cnf, 63900, 15.963528310721719
r75k3q0.3c8/230.4.cnf, 2767600185, 31.36598839639023
r75k3q0.3c8/133.5.cnf, 434617674050062, 48.626740172399046
r75k3q0.3c8/264.1.cnf, 1106011, 20.076934303510296
r75k3q0.3c8/214.5.cnf, 47449512488, 35.46567421346968
r75k3q0.3c8/216.4.cnf, 2881039881, 31.42394248523125
r75k3q0.3c8/109.5.cnf, 2155003667972844, 50.93661174819869
r75k3q0.3c8/288.1.cnf, 353840, 18.432737621786014
r75k3q0.3c8/261.5.cnf, 3466186, 21.724917642771395
r75k3q0.3c8/82.5.cnf, 541509603530561600, 58.909764536963195
r75k3q0.3c8/114.5.cnf, 5441357709052874, 52.27288809605915
r75k3q0.3c8/92.3.cnf, 222157717907752124, 57.62436187549464
r75k3q0.3c8/174.5.cnf, 4838898034936, 42.137815677771705
r75k3q0.3c8/199.1.cnf, 33652913446, 34.9700123580821
r75k3q0.3c8/227.1.cnf, 527213298, 28.97381151927168
r75k3q0.3c8/265.2.cnf, 14214677, 23.76087798125072
r75k3q0.3c8/312.2.cnf, 60543, 15.885672544273667
r75k3q0.3c8/300.5.cnf, 1932, 10.915879378835774
r75k3q0.3c8/217.1.cnf, 1629190445, 30.601508112237465
r75k3q0.3c8/32.4.cnf, 511112096924133490688, 68.7922016349784
r75k3q0.3c8/131.4.cnf, 1658469154789292, 50.55877360357243
r75k3q0.3c8/151.1.cnf, 117173976093295, 46.73564551652715
r75k3q0.3c8/42.2.cnf, 227665612263891632128, 67.62547829390817
r75k3q0.3c8/63.5.cnf, 7209499134057097216, 62.64460474248551
r75k3q0.3c8/73.3.cnf, 3142993844875134976, 61.446845154790445
r75k3q0.3c8/169.4.cnf, 3231633732964, 41.55540083377397
r75k3q0.3c8/196.2.cnf, 278004248703, 38.01631597540009
r75k3q0.3c8/83.1.cnf, 770619250095134272, 59.418795838104046
r75k3q0.3c8/278.3.cnf, 13891, 13.761862840863753
r75k3q0.3c8/13.4.cnf, 6700479732449821065216, 72.50475438415269
r75k3q0.3c8/167.2.cnf, 2084852322336, 40.92308233460653
r75k3q0.3c8/23.2.cnf, 1549540197708437913600, 70.39233017400753
r75k3q0.3c8/234.5.cnf, 32830645, 24.96853975798964
r75k3q0.3c8/242.2.cnf, 61333967, 25.870182929818213
r75k3q0.3c8/123.4.cnf, 1528842963300974, 50.44136164969392
r75k3q0.3c8/218.2.cnf, 2483847667, 31.209929550570937
r75k3q0.3c8/54.3.cnf, 20701351749998977024, 64.16635877828246
r75k3q0.3c8/311.1.cnf, 1824, 10.832890014164741
r75k3q0.3c8/64.1.cnf, 2545663880150122496, 61.14274765177874
r75k3q0.3c8/130.2.cnf, 1571917004227762, 50.481446469946405
r75k3q0.3c8/291.2.cnf, 1824, 10.832890014164741
r75k3q0.3c8/149.2.cnf, 32825336039960, 44.89987501390604
r75k3q0.3c8/275.3.cnf, 2095352, 20.9987611931995
r75k3q0.3c8/7.2.cnf, 14835631791694321549312, 73.65148445440323
r75k3q0.3c8/235.4.cnf, 702655366, 29.388242017849066
r75k3q0.3c8/4.2.cnf, 22145316260488316715008, 74.22941968823042
r75k3q0.3c8/291.5.cnf, 319942, 18.287450867373032
r75k3q0.3c8/234.2.cnf, 71469385, 26.090822038027493
r75k3q0.3c8/126.3.cnf, 689114856219938, 49.29173778840512
r75k3q0.3c8/287.4.cnf, 18530, 14.177575260914628
r75k3q0.3c8/261.2.cnf, 27014276, 24.687218681538486
r75k3q0.3c8/150.2.cnf, 165784943510908, 47.23630631650823
r75k3q0.3c8/344.4.cnf, 686, 9.422064766172813
r75k3q0.3c8/286.4.cnf, 15936, 13.960001932068081
r75k3q0.3c8/292.5.cnf, 185457, 17.500725197250475
r75k3q0.3c8/201.4.cnf, 4083811167, 31.92726901238341
r75k3q0.3c8/269.3.cnf, 3047570, 21.539227927985262
r75k3q0.3c8/287.3.cnf, 110994, 16.76012216538873
r75k3q0.3c8/238.4.cnf, 27996802, 24.738758705587554
r75k3q0.3c8/2.3.cnf, 28924494707576576933888, 74.61470984411521
r75k3q0.3c8/272.5.cnf, 10278360, 23.293106752807887
r75k3q0.3c8/107.5.cnf, 19706138297471232, 54.12949460533839
r75k3q0.3c8/96.5.cnf, 135303042269546368, 56.90897189155588
r75k3q0.3c8/46.4.cnf, 102098080052315422720, 66.46851763443263
r75k3q0.3c8/346.5.cnf, 178, 7.475733430966398
r75k3q0.3c8/272.2.cnf, 35840, 15.129283016944967
r75k3q0.3c8/8.5.cnf, 13586603471039388188672, 73.52460292788525
r75k3q0.3c8/194.5.cnf, 120173598643, 36.80632902391595
r75k3q0.3c8/115.1.cnf, 8663798266896266, 52.94392107406638
r75k3q0.3c8/77.5.cnf, 1057806114420252672, 59.875780927676246
r75k3q0.3c8/87.3.cnf, 377622449659272928, 58.38972214857239
r75k3q0.3c8/153.3.cnf, 12328252944725, 43.48703360127625
r75k3q0.3c8/97.1.cnf, 28887156326689376, 54.68127770910947
r75k3q0.3c8/27.4.cnf, 948866276452988878848, 69.68476668057663
r75k3q0.3c8/37.2.cnf, 263295612621214580736, 67.83524537924383
r75k3q0.3c8/241.5.cnf, 873730472, 29.702613065508473
r75k3q0.3c8/275.5.cnf, 3737163, 21.833512058962885
r75k3q0.3c8/50.2.cnf, 72185267478087073792, 65.96833822577415
r75k3q0.3c8/294.3.cnf, 3432, 11.744833837499545
r75k3q0.3c8/179.3.cnf, 5732751120301, 42.382364786374666
r75k3q0.3c8/317.3.cnf, 3, 1.584962500721156
r75k3q0.3c8/58.5.cnf, 19072472882869081088, 64.04812571439511
r75k3q0.3c8/161.1.cnf, 20094434379009, 44.19186120231912
r75k3q0.3c8/68.3.cnf, 3903919749513256448, 61.75962910457997
r75k3q0.3c8/78.1.cnf, 1133935497375605696, 59.976044284528655
r75k3q0.3c8/216.5.cnf, 5982677725, 32.47814420394772
r75k3q0.3c8/272.1.cnf, 737356, 19.492001803974414
r75k3q0.3c8/225.4.cnf, 1448039054, 30.431453366802632
r75k3q0.3c8/192.4.cnf, 28512243588, 34.73086251624237
r75k3q0.3c8/132.2.cnf, 848301988053337, 49.59157127140638
r75k3q0.3c8/205.2.cnf, 11027343831, 33.36036627803309
r75k3q0.3c8/251.1.cnf, 142115411, 27.082487768061984
r75k3q0.3c8/18.2.cnf, 3659118404991964938240, 71.63198609306998
r75k3q0.3c8/149.1.cnf, 27978858831417, 44.66940235430035
r75k3q0.3c8/59.1.cnf, 19453911773950725120, 64.07669408297866
r75k3q0.3c8/118.2.cnf, 4405195700572320, 51.96812753552621
r75k3q0.3c8/157.4.cnf, 13723782284706, 43.64174337768393
r75k3q0.3c8/208.2.cnf, 8871503573, 33.04653149216298
r75k3q0.3c8/126.4.cnf, 1061740559245486, 49.91535270393804
r75k3q0.3c8/92.4.cnf, 207843242178617160, 57.52827345398037
r75k3q0.3c8/325.2.cnf, 172, 7.426264754702098
r75k3q0.3c8/107.4.cnf, 28522582542154392, 54.66295413294169
r75k3q0.3c8/233.4.cnf, 49188018, 25.551803587961953
r75k3q0.3c8/42.3.cnf, 110300953478267142144, 66.58000715986805
r75k3q0.3c8/32.5.cnf, 490034099721737338880, 68.73144404246027
r75k3q0.3c8/263.3.cnf, 2311023, 21.140100187338643
r75k3q0.3c8/158.4.cnf, 28486236104228, 44.695330244018365
r75k3q0.3c8/158.1.cnf, 26450066031331, 44.58833655749901
r75k3q0.3c8/73.4.cnf, 1120353574517472384, 59.95865981498998
r75k3q0.3c8/313.2.cnf, 1826, 10.834471049984222
r75k3q0.3c8/177.5.cnf, 702155076879, 39.35299874086673
r75k3q0.3c8/287.1.cnf, 240, 7.906890595608519
r75k3q0.3c8/83.2.cnf, 925674057602458496, 59.68328190348322
r75k3q0.3c8/272.4.cnf, 276683, 18.077874478814245
r75k3q0.3c8/13.5.cnf, 6697086833080550817792, 72.5040236664996
r75k3q0.3c8/194.1.cnf, 37331467493, 35.11967317070134
r75k3q0.3c8/117.1.cnf, 4841144696465262, 52.10426963871415
r75k3q0.3c8/23.3.cnf, 1874927634735955968000, 70.66732490663124
r75k3q0.3c8/33.1.cnf, 439062480287057313792, 68.57298815319433
r75k3q0.3c8/288.2.cnf, 133488, 17.026350530067845
r75k3q0.3c8/54.4.cnf, 22429978428826451968, 64.28206203582798
r75k3q0.3c8/123.5.cnf, 4466022629166552, 51.98791198457016
r75k3q0.3c8/306.1.cnf, 4496, 12.134426320220927
r75k3q0.3c8/64.2.cnf, 4047885550748516352, 61.81187420805866
r75k3q0.3c8/284.5.cnf, 1844, 10.848622940429339
r75k3q0.3c8/294.4.cnf, 420, 8.714245517666123
r75k3q0.3c8/117.4.cnf, 3290094182999414, 51.54705030678504
r75k3q0.3c8/228.2.cnf, 329379083, 28.29517369968129
r75k3q0.3c8/188.5.cnf, 106645685235, 36.63403464079444
r75k3q0.3c8/318.1.cnf, 72, 6.169925001442312
r75k3q0.3c8/105.5.cnf, 25964904795885808, 54.52741245378121
r75k3q0.3c8/14.1.cnf, 5335127374069581742080, 72.17601270787267
r75k3q0.3c8/117.3.cnf, 5399841953757032, 52.26183860542585
r75k3q0.3c8/238.5.cnf, 50585561, 25.59222230908381
r75k3q0.3c8/286.5.cnf, 60404, 15.882356468654217
r75k3q0.3c8/120.3.cnf, 1676128513114301, 50.57405419175388
r75k3q0.3c8/260.2.cnf, 3999866, 21.931520238230753
r75k3q0.3c8/183.2.cnf, 949437526478, 39.78828211711562
r75k3q0.3c8/142.4.cnf, 207261180885690, 47.558443259689284
r75k3q0.3c8/313.4.cnf, 2160, 11.076815597050832
r75k3q0.3c8/113.2.cnf, 11858393628197264, 53.3967581097348
r75k3q0.3c8/173.1.cnf, 5758980050792, 42.388950463170076
r75k3q0.3c8/175.1.cnf, 26919475023937, 44.61371550872362
r75k3q0.3c8/112.3.cnf, 15207834453984166, 53.755664250817944
r75k3q0.3c8/150.5.cnf, 272899632654243, 47.955363781048106
r75k3q0.3c8/302.3.cnf, 15, 3.9068905956085187
r75k3q0.3c8/225.3.cnf, 1248548470, 30.217604683319095
r75k3q0.3c8/178.1.cnf, 988116180543, 39.84588972447687
r75k3q0.3c8/256.3.cnf, 10714185, 23.353018776365328
r75k3q0.3c8/148.3.cnf, 44556763376454, 45.34070967199618
r75k3q0.3c8/7.1.cnf, 14878884362515587792896, 73.65568444293251
r75k3q0.3c8/190.4.cnf, 964512396585, 39.81100882467587
r75k3q0.3c8/264.2.cnf, 233212, 17.831282499231982
r75k3q0.3c8/125.3.cnf, 891907344042214, 49.66388717171444
r75k3q0.3c8/148.4.cnf, 89878230450039, 46.353036954114
r75k3q0.3c8/46.5.cnf, 111066057741555466240, 66.58997988810488
r75k3q0.3c8/134.3.cnf, 594743013842888, 49.079259748535584
r75k3q0.3c8/210.4.cnf, 2305349289, 31.102338207387657
r75k3q0.3c8/328.1.cnf, 24, 4.584962500721156
r75k3q0.3c8/138.4.cnf, 382925703557246, 48.444057831520475
r75k3q0.3c8/87.4.cnf, 159894685929103760, 57.149899604992044
r75k3q0.3c8/141.1.cnf, 234963332243196, 47.73942895960299
r75k3q0.3c8/97.2.cnf, 82842937866787840, 56.201228235091456
r75k3q0.3c8/195.2.cnf, 218775665377, 37.67066131848941
r75k3q0.3c8/168.3.cnf, 8073952843063, 42.87641229924955
r75k3q0.3c8/27.5.cnf, 1042417270584074305536, 69.82042288416633
r75k3q0.3c8/215.5.cnf, 13089609186, 33.60770297252525
r75k3q0.3c8/345.1.cnf, 48, 5.584962500721156
r75k3q0.3c8/50.3.cnf, 44863372079982444544, 65.28217186510825
r75k3q0.3c8/37.3.cnf, 255843627917805355008, 67.79382419954992
r75k3q0.3c8/60.1.cnf, 16590434065866446848, 63.84698543577697
r75k3q0.3c8/5.2.cnf, 19772603804007425638400, 74.06592095594753
r75k3q0.3c8/47.1.cnf, 57937407894427615232, 65.65112894308594
r75k3q0.3c8/2.2.cnf, 28924494707576576933888, 74.61470984411521
r75k3q0.3c8/189.1.cnf, 117908440826, 36.77887604538586
r75k3q0.3c8/167.3.cnf, 214603314206, 37.64288140015197
r75k3q0.3c8/78.2.cnf, 1168199407606495232, 60.018992266274566
r75k3q0.3c8/68.4.cnf, 5709762205185277952, 62.308136370803425
r75k3q0.3c8/157.3.cnf, 7075755963292, 42.68602143022962
r75k3q0.3c8/18.3.cnf, 3329856609495803756544, 71.49595004584005
r75k3q0.3c8/160.3.cnf, 7616716216982, 42.79230628353707
r75k3q0.3c8/28.1.cnf, 668407360077164445696, 69.17928951727497
r75k3q0.3c8/261.3.cnf, 85629347, 26.351601987886287
r75k3q0.3c8/271.3.cnf, 9002341, 23.101868782980247
r75k3q0.3c8/123.1.cnf, 4104823857679132, 51.866241739076
r75k3q0.3c8/8.4.cnf, 12666824311942257049600, 73.42347296056562
r75k3q0.3c8/326.3.cnf, 3388, 11.726218159332198
r75k3q0.3c8/59.2.cnf, 11562828340888340608, 63.32612813619008
r75k3q0.3c8/176.1.cnf, 1459468728006, 40.40858043723501
r75k3q0.3c8/197.4.cnf, 97367581365, 36.50272245435192
r75k3q0.3c8/285.1.cnf, 42271, 15.367380621986191
r75k3q0.3c8/337.3.cnf, 536, 9.066089190457772
r75k3q0.3c8/232.2.cnf, 235381443, 27.810425344780374
r75k3q0.3c8/300.1.cnf, 2430, 11.246740598493144
r75k3q0.3c8/295.5.cnf, 1568073, 20.58056129350082
r75k3q0.3c8/140.2.cnf, 251683214301660, 47.838602329382496
r75k3q0.3c8/127.5.cnf, 2749773698297930, 51.28823431548319
r75k3q0.3c8/250.1.cnf, 5674977, 22.4361831146699
r75k3q0.3c8/92.5.cnf, 166024796435480720, 57.204176342747104
r75k3q0.3c8/198.3.cnf, 41439981147, 35.270304295548286
r75k3q0.3c8/242.4.cnf, 172186215, 27.3593944062053
r75k3q0.3c8/165.2.cnf, 2611253450021, 41.24787963204888
r75k3q0.3c8/213.3.cnf, 1110769883, 30.04891282009111
r75k3q0.3c8/133.4.cnf, 1028964958015232, 49.8701152745817
r75k3q0.3c8/240.5.cnf, 745956, 19.508731010475106
r75k3q0.3c8/6.5.cnf, 16608987195366237536256, 73.81438218895157
r75k3q0.3c8/204.1.cnf, 12425064355, 33.53253427304742
r75k3q0.3c8/278.1.cnf, 64685, 15.981143579641246
r75k3q0.3c8/42.4.cnf, 130521561230913568768, 66.8228500471593
r75k3q0.3c8/3.5.cnf, 25308932869129504817152, 74.42206476617281
r75k3q0.3c8/275.4.cnf, 1204934, 20.200522694633833
r75k3q0.3c8/111.4.cnf, 20013667741585074, 54.151835100619245
r75k3q0.3c8/133.2.cnf, 749154697957734, 49.412256989606036
r75k3q0.3c8/301.5.cnf, 7196, 12.812979471251483
r75k3q0.3c8/102.5.cnf, 155649676105617592, 57.111080187763726
r75k3q0.3c8/257.5.cnf, 426394703, 28.667614275049885
r75k3q0.3c8/73.5.cnf, 2217123466918566912, 60.9433948210516
r75k3q0.3c8/83.3.cnf, 782266007286225536, 59.44043688831061
r75k3q0.3c8/110.3.cnf, 24101311181654664, 54.419961153608
r75k3q0.3c8/247.5.cnf, 166588778, 27.311715978115437
r75k3q0.3c8/93.1.cnf, 150935356910577216, 57.06670841275079
r75k3q0.3c8/154.2.cnf, 13941610956982, 43.66446250818304
r75k3q0.3c8/23.4.cnf, 1618400998247368753152, 70.45505910751373
r75k3q0.3c8/315.2.cnf, 10140, 13.307770031890703
r75k3q0.3c8/157.2.cnf, 849658504395, 39.628092152057704
r75k3q0.3c8/33.2.cnf, 395941841819412725760, 68.42385043239405
r75k3q0.3c8/54.5.cnf, 22256113920727580672, 64.27083551248819
r75k3q0.3c8/176.4.cnf, 864468262507, 39.6530220424877
r75k3q0.3c8/64.3.cnf, 3954836203024785920, 61.77832365198098
r75k3q0.3c8/74.1.cnf, 2553977534294994688, 61.147451542604486
r75k3q0.3c8/269.2.cnf, 505868, 18.948401455029988
r75k3q0.3c8/14.2.cnf, 5604490482532378214400, 72.2470732128131
r75k3q0.3c8/266.1.cnf, 66211111, 25.9805700026871
r75k3q0.3c8/314.2.cnf, 7768, 12.923327485419192
r75k3q0.3c8/153.1.cnf, 50058744423030, 45.508687339236644
r75k3q0.3c8/191.3.cnf, 200292009098, 37.54331390792381
r75k3q0.3c8/55.1.cnf, 21907352456561598464, 64.24804894539969
r75k3q0.3c8/271.5.cnf, 21425947, 24.352855635270917
r75k3q0.3c8/159.3.cnf, 11400072321193, 43.37410821030253
r75k3q0.3c8/143.5.cnf, 51749620045534, 45.55661350367548
r75k3q0.3c8/279.4.cnf, 93044, 16.505625499749634
r75k3q0.3c8/246.1.cnf, 128125551, 26.93298296799607
r75k3q0.3c8/161.4.cnf, 3237612994980, 41.558067683401994
r75k3q0.3c8/293.4.cnf, 172, 7.426264754702098
r75k3q0.3c8/108.1.cnf, 19191186117974256, 54.09129339875857
r75k3q0.3c8/243.3.cnf, 79125134, 26.237632701987547
r75k3q0.3c8/186.4.cnf, 352597544878, 38.35923147302865
r75k3q0.3c8/139.3.cnf, 305615726067436, 48.11871211046089
r75k3q0.3c8/188.3.cnf, 298892523085, 38.12083585163979
r75k3q0.3c8/257.4.cnf, 13273529, 23.662048651644405
r75k3q0.3c8/286.3.cnf, 53702, 15.712688198418451
r75k3q0.3c8/134.2.cnf, 313957258555844, 48.15756149560794
r75k3q0.3c8/207.3.cnf, 15143781806, 33.81800647859962
r75k3q0.3c8/301.3.cnf, 118739, 16.857434342570837
r75k3q0.3c8/322.3.cnf, 35007, 15.095355811765177
r75k3q0.3c8/112.1.cnf, 12965064140902336, 53.52547886172281
r75k3q0.3c8/302.2.cnf, 531, 9.052568050804153
r75k3q0.3c8/189.4.cnf, 1327951151283, 40.27233921673534
r75k3q0.3c8/182.4.cnf, 622666629778, 39.179669007505126
r75k3q0.3c8/87.5.cnf, 342246655339845632, 58.247814055669295
r75k3q0.3c8/97.3.cnf, 114084958351600500, 56.66288620364205
r75k3q0.3c8/37.4.cnf, 313919306840267554816, 68.08895565883086
r75k3q0.3c8/50.4.cnf, 47036256135536738304, 65.35040703587332
r75k3q0.3c8/60.2.cnf, 10543616415823292416, 63.19300359301349
r75k3q0.3c8/47.2.cnf, 58367357962112991232, 65.66179556799241
r75k3q0.3c8/178.5.cnf, 156639064154, 37.18865309440501
r75k3q0.3c8/257.1.cnf, 47383716, 25.497888008516778
r75k3q0.3c8/138.1.cnf, 205653125860830, 47.54720632892485
r75k3q0.3c8/68.5.cnf, 3054818058088795776, 61.40579216510013
r75k3q0.3c8/78.3.cnf, 1618182656103734912, 60.48908017246596
r75k3q0.3c8/10.1.cnf, 9735883363299398516736, 73.04380187718199
r75k3q0.3c8/88.1.cnf, 284437605720061728, 57.9808898305011
r75k3q0.3c8/174.1.cnf, 3234820150954, 41.55682264235313
r75k3q0.3c8/244.4.cnf, 8597014, 23.035404225018613
r75k3q0.3c8/18.4.cnf, 2890423531193185075200, 71.29177089767313
r75k3q0.3c8/28.2.cnf, 755462654699411341312, 69.35592233717226
r75k3q0.3c8/138.3.cnf, 466880361632160, 48.73004623426222
r75k3q0.3c8/206.3.cnf, 17365333871, 34.01549109753809
r75k3q0.3c8/59.3.cnf, 12134131780212359552, 63.395704687517615
r75k3q0.3c8/69.1.cnf, 7390531978187239424, 62.68038392277288
r75k3q0.3c8/141.4.cnf, 78555726541381, 46.15878168221516
r75k3q0.3c8/141.2.cnf, 183680604293678, 47.38419262190198
r75k3q0.3c8/117.5.cnf, 4920735242034344, 52.12779531830325
r75k3q0.3c8/250.3.cnf, 328608409, 28.2917941580338
r75k3q0.3c8/138.2.cnf, 408812300851558, 48.538431934949465
r75k3q0.3c8/315.4.cnf, 300, 8.228818690495881
r75k3q0.3c8/125.1.cnf, 1498034147154672, 50.41199193320138
r75k3q0.3c8/5.1.cnf, 18981699651847128612864, 74.00702726689397
r75k3q0.3c8/297.2.cnf, 306, 8.257387842692651
r75k3q0.3c8/134.5.cnf, 1221768326252886, 50.11789216816174
r75k3q0.3c8/255.1.cnf, 1976777, 20.914718699298685
r75k3q0.3c8/211.3.cnf, 5869699010, 32.450639379823514
r75k3q0.3c8/190.3.cnf, 178104185370, 37.373930463297626
r75k3q0.3c8/105.4.cnf, 31489111703530136, 54.80570257833902
r75k3q0.3c8/181.5.cnf, 1546798405954, 40.49242232141972
r75k3q0.3c8/42.5.cnf, 101085622786536243200, 66.4541397178414
r75k3q0.3c8/332.2.cnf, 24, 4.584962500721156
r75k3q0.3c8/165.4.cnf, 8998651294026, 43.032845927065345
r75k3q0.3c8/217.3.cnf, 157705546, 27.232658155092935
r75k3q0.3c8/144.3.cnf, 144074878414260, 47.03381213064832
r75k3q0.3c8/172.1.cnf, 1685681051697, 40.616468727915056
r75k3q0.3c8/213.5.cnf, 1996004094, 30.89446753377338
r75k3q0.3c8/83.4.cnf, 601752223467194080, 59.061947180535526
r75k3q0.3c8/254.3.cnf, 14437279, 23.783295526719844
r75k3q0.3c8/93.2.cnf, 180529048336911392, 57.32500860820202
r75k3q0.3c8/198.2.cnf, 16540298696, 33.945266236789514
r75k3q0.3c8/23.5.cnf, 1696940305621293465600, 70.52342580778102
r75k3q0.3c8/221.3.cnf, 4595450943, 32.09755929141113
r75k3q0.3c8/160.2.cnf, 13142506030911, 43.579305630478096
r75k3q0.3c8/33.3.cnf, 487126256538649362432, 68.72285764556777
r75k3q0.3c8/43.1.cnf, 111575198444531122176, 66.5965782702764
r75k3q0.3c8/319.1.cnf, 1024, 10.0
r75k3q0.3c8/268.1.cnf, 1176835, 20.16648062855467
r75k3q0.3c8/64.4.cnf, 3938746872027889664, 61.772442411493564
r75k3q0.3c8/251.3.cnf, 172953122, 27.365805815326453
r75k3q0.3c8/223.1.cnf, 4937743244, 32.20120467421778
r75k3q0.3c8/74.2.cnf, 998554883583923200, 59.79261933779829
r75k3q0.3c8/9.4.cnf, 11784118784977639833600, 73.31926196557748
r75k3q0.3c8/313.1.cnf, 16954, 14.049338071751933
r75k3q0.3c8/265.1.cnf, 77989715, 26.216780543354997
r75k3q0.3c8/6.4.cnf, 16608987195366237536256, 73.81438218895157
r75k3q0.3c8/14.3.cnf, 5405467970749574676480, 72.19490951528542
r75k3q0.3c8/192.3.cnf, 47802797908, 35.476376010800664
r75k3q0.3c8/24.1.cnf, 1827307344408180948992, 70.63020930145616
r75k3q0.3c8/245.4.cnf, 29475244, 24.81300042028792
r75k3q0.3c8/55.2.cnf, 18382886630404456448, 63.99499713098729
r75k3q0.3c8/121.3.cnf, 1752000623084624, 50.637924711332246
r75k3q0.3c8/313.5.cnf, 3100, 11.5980525001616
r75k3q0.3c8/201.5.cnf, 201919922241, 37.55499230361492
r75k3q0.3c8/130.1.cnf, 2239929483217436, 50.99237473781927
r75k3q0.3c8/105.1.cnf, 16811080567500648, 53.900261978005176
r75k3q0.3c8/230.1.cnf, 4714057699, 32.1343222709434
r75k3q0.3c8/137.3.cnf, 157872817264178, 47.1657561159978
r75k3q0.3c8/1.5.cnf, 33056565380087516495872, 74.8073549220576
r75k3q0.3c8/227.4.cnf, 20423395663, 34.24950370240049
r75k3q0.3c8/236.1.cnf, 1015446379, 29.919466913617146
r75k3q0.3c8/273.3.cnf, 22835835, 24.44479620752249
r75k3q0.3c8/269.5.cnf, 572105, 19.125920427519848
r75k3q0.3c8/195.4.cnf, 456322675735, 38.731263390197626
r75k3q0.3c8/145.4.cnf, 149542453958718, 47.08754844108023
r75k3q0.3c8/170.1.cnf, 1407021125747, 40.355781128759126
r75k3q0.3c8/202.4.cnf, 11333854929, 33.39991959035361
r75k3q0.3c8/186.3.cnf, 71075967912, 36.04864278952049
r75k3q0.3c8/146.4.cnf, 63441200917572, 45.85048531449922
r75k3q0.3c8/306.4.cnf, 3888, 11.92481250360578
r75k3q0.3c8/130.5.cnf, 1126564911705788, 50.00085186613192
r75k3q0.3c8/129.3.cnf, 935273231107972, 49.73238122452451
r75k3q0.3c8/262.4.cnf, 5003245, 22.25443266959217
r75k3q0.3c8/101.3.cnf, 133928588990509592, 56.89424157070278
r75k3q0.3c8/183.5.cnf, 737070773777, 39.42301219778265
r75k3q0.3c8/106.1.cnf, 45364559471518736, 55.332415167216325
r75k3q0.3c8/97.4.cnf, 185162946851501632, 57.36157304137101
r75k3q0.3c8/241.4.cnf, 3489588389, 31.700409728768076
r75k3q0.3c8/50.5.cnf, 35685863600758587392, 64.95198648910214
r75k3q0.3c8/250.2.cnf, 6170310, 22.556911542366258
r75k3q0.3c8/37.5.cnf, 288202742899715080192, 67.96564596382544
r75k3q0.3c8/60.3.cnf, 22159223587269807104, 64.2645411361234
r75k3q0.3c8/47.3.cnf, 81907006483918815232, 66.15062067093194
r75k3q0.3c8/70.1.cnf, 1642470473319090176, 60.51057314343397
r75k3q0.3c8/150.4.cnf, 59246955769250, 45.75180626080506
r75k3q0.3c8/78.4.cnf, 1291615695733646576, 60.16388258579573
r75k3q0.3c8/10.2.cnf, 9201984442224393322496, 72.96243500991638
r75k3q0.3c8/301.1.cnf, 17391, 14.086053270995668
r75k3q0.3c8/88.2.cnf, 209875308634802496, 57.542310059822555
r75k3q0.3c8/294.5.cnf, 956105, 19.86680953894097
r75k3q0.3c8/258.4.cnf, 914552, 19.802705676132316
r75k3q0.3c8/18.5.cnf, 3472947086819432857600, 71.55665042288679
r75k3q0.3c8/166.1.cnf, 3697214011675, 41.74957569438503
r75k3q0.3c8/28.3.cnf, 925498402246261473280, 69.64879239721816
r75k3q0.3c8/51.1.cnf, 71009785011116277760, 65.94465164176361
r75k3q0.3c8/38.1.cnf, 170844409135282257920, 67.21124493424853
r75k3q0.3c8/304.2.cnf, 881, 9.782998208920414
r75k3q0.3c8/146.5.cnf, 146759985528877, 47.06045199586666
r75k3q0.3c8/273.1.cnf, 394373, 18.58920125815191
r75k3q0.3c8/320.4.cnf, 4, 2.0
r75k3q0.3c8/59.4.cnf, 18200372309688893440, 63.980601765583195
r75k3q0.3c8/69.2.cnf, 3028918607691112448, 61.39350851890274
r75k3q0.3c8/110.2.cnf, 9117997831459666, 53.0176384893959
r75k3q0.3c8/203.5.cnf, 45889520367, 35.417445676788184
r75k3q0.3c8/19.1.cnf, 3201972173028477370368, 71.43945076269732
r75k3q0.3c8/165.1.cnf, 13043960313900, 43.56844719035825
r75k3q0.3c8/134.4.cnf, 346827803457840, 48.301212885295726
r75k3q0.3c8/133.3.cnf, 666568559405976, 49.2437465986783
r75k3q0.3c8/147.5.cnf, 60239319298128, 45.77577070124204
r75k3q0.3c8/255.4.cnf, 9264160, 23.14322873944895
r75k3q0.3c8/148.2.cnf, 61205237743892, 45.798720352855604
r75k3q0.3c8/314.4.cnf, 477770, 18.86595674177221
r75k3q0.3c8/197.2.cnf, 75122922288, 36.128534133915416
r75k3q0.3c8/142.3.cnf, 61127775069730, 45.79689329034429
r75k3q0.3c8/211.5.cnf, 42100799104, 35.29312856583363
r75k3q0.3c8/111.3.cnf, 4530499118298304, 52.00859142188824
r75k3q0.3c8/236.5.cnf, 216118859, 27.687249729485288
r75k3q0.3c8/208.4.cnf, 14857676613, 33.790489479220454
r75k3q0.3c8/283.3.cnf, 1608, 10.651051691178928
r75k3q0.3c8/83.5.cnf, 505302720603645440, 58.809925560685635
r75k3q0.3c8/154.5.cnf, 12812013118630, 43.5425624139833
r75k3q0.3c8/146.2.cnf, 71863245865486, 46.03031933292093
r75k3q0.3c8/93.3.cnf, 151750993161605312, 57.07448357157359
r75k3q0.3c8/272.3.cnf, 8660398, 23.046001896751022
r75k3q0.3c8/328.4.cnf, 609, 9.250298417906333
r75k3q0.3c8/278.4.cnf, 566345, 19.111321640846363
r75k3q0.3c8/102.1.cnf, 39663131745036552, 55.13864811343111
r75k3q0.3c8/43.2.cnf, 143383967443630161920, 66.95844561507387
r75k3q0.3c8/33.4.cnf, 499274408634960838656, 68.7583948579269
r75k3q0.3c8/145.3.cnf, 504332645311661, 48.84136894198901
r75k3q0.3c8/319.4.cnf, 2528, 11.303780748177102
r75k3q0.3c8/64.5.cnf, 5436861896426921984, 62.237479890187906
r75k3q0.3c8/74.3.cnf, 2264924383084107904, 60.97416859313559
r75k3q0.3c8/84.1.cnf, 896379385921608912, 59.63688708459006
r75k3q0.3c8/160.1.cnf, 9005171263277, 43.03389085268449
r75k3q0.3c8/14.4.cnf, 6421623444990853120000, 72.44342806256098
r75k3q0.3c8/24.2.cnf, 1512643465919575621632, 70.357561973207
r75k3q0.3c8/188.4.cnf, 411790055881, 38.58311803520666
r75k3q0.3c8/55.3.cnf, 20775921463890743296, 64.17154626839482
r75k3q0.3c8/216.3.cnf, 4124862061, 31.94169872916565
r75k3q0.3c8/65.1.cnf, 9599047013290718720, 63.05759689115577
r75k3q0.3c8/254.1.cnf, 13567411, 23.693642109079075
r75k3q0.3c8/253.2.cnf, 17717589, 24.078678960294194
r75k3q0.3c8/3.1.cnf, 25308932869129504817152, 74.42206476617281
r75k3q0.3c8/131.1.cnf, 593951760714052, 49.077339092101155
r75k3q0.3c8/289.2.cnf, 4, 2.0
r75k3q0.3c8/293.5.cnf, 8700, 13.086799685623452
r75k3q0.3c8/166.4.cnf, 6621223853310, 42.5902350450935
r75k3q0.3c8/232.4.cnf, 100419136, 26.581458976412318
r75k3q0.3c8/324.2.cnf, 88, 6.459431618637297
r75k3q0.3c8/289.4.cnf, 6925338, 22.72345305478548
r75k3q0.3c8/9.3.cnf, 11789028834471380516864, 73.31986296331202
r75k3q0.3c8/240.4.cnf, 85957378, 26.357118140414993
r75k3q0.3c8/252.5.cnf, 441420, 18.751792471628303
r75k3q0.3c8/230.3.cnf, 1759973088, 30.712906222561458
r75k3q0.3c8/116.1.cnf, 4358604926406108, 51.952787863858134
r75k3q0.3c8/303.4.cnf, 639736, 19.28711714506953
r75k3q0.3c8/135.3.cnf, 1112490809072700, 49.982714840504066
r75k3q0.3c8/107.2.cnf, 28074305606325360, 54.640099857450565
r75k3q0.3c8/214.2.cnf, 994830679, 29.889875757766195
r75k3q0.3c8/97.5.cnf, 246397106468848912, 57.77376292712303
r75k3q0.3c8/298.1.cnf, 62, 5.954196310386875
r75k3q0.3c8/60.4.cnf, 14459619339149524992, 63.64866337556732
r75k3q0.3c8/223.4.cnf, 542260567, 29.014411020984383
r75k3q0.3c8/119.3.cnf, 3175194531403852, 51.495766406028096
r75k3q0.3c8/4.4.cnf, 21693371030682432700416, 74.19967234483636
r75k3q0.3c8/47.4.cnf, 56577767022552416256, 65.61686904129321
r75k3q0.3c8/70.2.cnf, 2279304187764294272, 60.98329918233179
r75k3q0.3c8/118.4.cnf, 8548392485214196, 52.92457457177061
r75k3q0.3c8/181.1.cnf, 2603200360205, 41.24342349439725
r75k3q0.3c8/350.1.cnf, 1160, 10.179909090014934
r75k3q0.3c8/174.3.cnf, 271234643721, 37.980750503697095
r75k3q0.3c8/78.5.cnf, 2054327219517724544, 60.833371704807064
r75k3q0.3c8/10.3.cnf, 9564997090188592152576, 73.01825452231722
r75k3q0.3c8/208.1.cnf, 1032163227, 29.943023991571494
r75k3q0.3c8/113.1.cnf, 3419612400651006, 51.602754233992286
r75k3q0.3c8/88.3.cnf, 300439250299303368, 58.059850916327115
r75k3q0.3c8/20.1.cnf, 2652531091766947872768, 71.167859654491
r75k3q0.3c8/98.1.cnf, 64123158418362192, 55.83169500610895
r75k3q0.3c8/277.4.cnf, 3642, 11.830515206976838
r75k3q0.3c8/166.2.cnf, 1277084422465, 40.215991037099954
